-- MySQL dump 10.13  Distrib 5.6.22, for osx10.8 (x86_64)
--
-- Host: 192.168.31.129    Database: go2o
-- ------------------------------------------------------
-- Server version	5.5.41-MariaDB

/*!40101 SET @OLD_CHARACTER_SET_CLIENT=@@CHARACTER_SET_CLIENT */;
/*!40101 SET @OLD_CHARACTER_SET_RESULTS=@@CHARACTER_SET_RESULTS */;
/*!40101 SET @OLD_COLLATION_CONNECTION=@@COLLATION_CONNECTION */;
/*!40101 SET NAMES utf8 */;
/*!40103 SET @OLD_TIME_ZONE=@@TIME_ZONE */;
/*!40103 SET TIME_ZONE='+00:00' */;
/*!40014 SET @OLD_UNIQUE_CHECKS=@@UNIQUE_CHECKS, UNIQUE_CHECKS=0 */;
/*!40014 SET @OLD_FOREIGN_KEY_CHECKS=@@FOREIGN_KEY_CHECKS, FOREIGN_KEY_CHECKS=0 */;
/*!40101 SET @OLD_SQL_MODE=@@SQL_MODE, SQL_MODE='NO_AUTO_VALUE_ON_ZERO' */;
/*!40111 SET @OLD_SQL_NOTES=@@SQL_NOTES, SQL_NOTES=0 */;

--
-- Table structure for table `conf_integral_type`
--

DROP TABLE IF EXISTS `conf_integral_type`;
/*!40101 SET @saved_cs_client     = @@character_set_client */;
/*!40101 SET character_set_client = utf8 */;
CREATE TABLE `conf_integral_type` (
  `id` int(11) NOT NULL,
  `name` varchar(45) DEFAULT NULL,
  PRIMARY KEY (`id`)
) ENGINE=MyISAM DEFAULT CHARSET=utf8;
/*!40101 SET character_set_client = @saved_cs_client */;

--
-- Dumping data for table `conf_integral_type`
--

LOCK TABLES `conf_integral_type` WRITE;
/*!40000 ALTER TABLE `conf_integral_type` DISABLE KEYS */;
INSERT INTO `conf_integral_type` VALUES (1,'系统赠送'),(2,'登录'),(3,'订单'),(4,'退还'),(11,'系统扣减'),(12,'兑换');
/*!40000 ALTER TABLE `conf_integral_type` ENABLE KEYS */;
UNLOCK TABLES;

--
-- Table structure for table `dlv_area`
--

DROP TABLE IF EXISTS `dlv_area`;
/*!40101 SET @saved_cs_client     = @@character_set_client */;
/*!40101 SET character_set_client = utf8 */;
CREATE TABLE `dlv_area` (
  `id` int(11) NOT NULL,
  `pid` int(11) DEFAULT NULL,
  `name` varchar(40) DEFAULT NULL,
  PRIMARY KEY (`id`),
  KEY `FK_CHINA_REFERENCE_CHINA` (`pid`)
) ENGINE=InnoDB DEFAULT CHARSET=utf8;
/*!40101 SET character_set_client = @saved_cs_client */;

--
-- Dumping data for table `dlv_area`
--

LOCK TABLES `dlv_area` WRITE;
/*!40000 ALTER TABLE `dlv_area` DISABLE KEYS */;
INSERT INTO `dlv_area` VALUES (0,0,'中国'),(110000,0,'北京市'),(110100,110000,'东城区'),(110200,110000,'西城区'),(110500,110000,'朝阳区'),(110600,110000,'丰台区'),(110700,110000,'石景山区'),(110800,110000,'海淀区'),(110900,110000,'门头沟区'),(111100,110000,'房山区'),(111200,110000,'通州区'),(111300,110000,'顺义区'),(111400,110000,'昌平区'),(111500,110000,'大兴区'),(111600,110000,'怀柔区'),(111700,110000,'平谷区'),(112800,110000,'密云县'),(112900,110000,'延庆县'),(120000,0,'天津市'),(120100,120000,'和平区'),(120200,120000,'河东区'),(120300,120000,'河西区'),(120400,120000,'南开区'),(120500,120000,'河北区'),(120600,120000,'红桥区'),(120900,120000,'滨海新区'),(121000,120000,'东丽区'),(121100,120000,'西青区'),(121200,120000,'津南区'),(121300,120000,'北辰区'),(121400,120000,'武清区'),(121500,120000,'宝坻区'),(122100,120000,'宁河县'),(122300,120000,'静海县'),(122500,120000,'蓟县'),(130000,0,'河北省'),(130100,130000,'石家庄市'),(130101,130100,'市辖区'),(130102,130101,'长安区'),(130103,130101,'桥东区'),(130104,130101,'桥西区'),(130105,130101,'新华区'),(130107,130101,'井陉矿区'),(130108,130101,'裕华区'),(130121,130100,'井陉县'),(130123,130100,'正定县'),(130124,130100,'栾城县'),(130125,130100,'行唐县'),(130126,130100,'灵寿县'),(130127,130100,'高邑县'),(130128,130100,'深泽县'),(130129,130100,'赞皇县'),(130130,130100,'无极县'),(130131,130100,'平山县'),(130132,130100,'元氏县'),(130133,130100,'赵县'),(130181,130100,'辛集市'),(130182,130100,'藁城市'),(130183,130100,'晋州市'),(130184,130100,'新乐市'),(130185,130100,'鹿泉市'),(130200,130000,'唐山市'),(130201,130200,'市辖区'),(130202,130201,'路南区'),(130203,130201,'路北区'),(130204,130201,'古冶区'),(130205,130201,'开平区'),(130207,130201,'丰南区'),(130208,130201,'丰润区'),(130223,130200,'滦县'),(130224,130200,'滦南县'),(130225,130200,'乐亭县'),(130227,130200,'迁西县'),(130229,130200,'玉田县'),(130230,130200,'唐海县'),(130281,130200,'遵化市'),(130283,130200,'迁安市'),(130300,130000,'秦皇岛市'),(130301,130300,'海港区'),(130303,130300,'山海关区'),(130304,130300,'北戴河区'),(130321,130300,'青龙满族自治县'),(130322,130300,'昌黎县'),(130323,130300,'抚宁县'),(130324,130300,'卢龙县'),(130400,130000,'邯郸市'),(130401,130400,'市辖区'),(130402,130401,'邯山区'),(130403,130401,'丛台区'),(130404,130401,'复兴区'),(130406,130401,'峰峰矿区'),(130421,130400,'邯郸县'),(130423,130400,'临漳县'),(130424,130400,'成安县'),(130425,130400,'大名县'),(130426,130400,'涉县'),(130427,130400,'磁县'),(130428,130400,'肥乡县'),(130429,130400,'永年县'),(130430,130400,'邱县'),(130431,130400,'鸡泽县'),(130432,130400,'广平县'),(130433,130400,'馆陶县'),(130434,130400,'魏县'),(130435,130400,'曲周县'),(130481,130400,'武安市'),(130500,130000,'邢台市'),(130501,130500,'市辖区'),(130502,130501,'桥东区'),(130503,130501,'桥西区'),(130521,130500,'邢台县'),(130522,130500,'临城县'),(130523,130500,'内丘县'),(130524,130500,'柏乡县'),(130525,130500,'隆尧县'),(130526,130500,'任县'),(130527,130500,'南和县'),(130528,130500,'宁晋县'),(130529,130529,'巨鹿县'),(130530,130500,'新河县'),(130531,130500,'广宗县'),(130532,130500,'平乡县'),(130533,130500,'威县'),(130534,130500,'清河县'),(130535,130500,'临西县'),(130581,130500,'南宫市'),(130582,130500,'沙河市'),(130600,130000,'保定市'),(130601,130600,'新市区'),(130603,130600,'北市区'),(130604,130600,'南市区'),(130621,130600,'满城县'),(130622,130600,'清苑县'),(130623,130600,'涞水县'),(130624,130600,'阜平县'),(130625,130600,'徐水县'),(130626,130600,'定兴县'),(130627,130600,'唐县'),(130628,130600,'高阳县'),(130629,130600,'容城县'),(130630,130600,'涞源县'),(130631,130600,'望都县'),(130632,130600,'安新县'),(130633,130600,'易县'),(130634,130600,'曲阳县'),(130635,130600,'蠡县'),(130636,130600,'顺平县'),(130637,130600,'博野县'),(130638,130600,'雄县'),(130681,130600,'涿州市'),(130682,130600,'定州市'),(130683,130600,'安国市'),(130684,130600,'高碑店市'),(130685,130600,'白沟新城县'),(130700,130000,'张家口市'),(130701,130700,'市辖区'),(130702,130701,'桥东区'),(130703,130701,'桥西区'),(130705,130701,'宣化区'),(130706,130701,'下花园区'),(130721,130700,'宣化县'),(130722,130700,'张北县'),(130723,130700,'康保县'),(130724,130700,'沽源县'),(130725,130700,'尚义县'),(130726,130700,'蔚县'),(130727,130700,'阳原县'),(130728,130700,'怀安县'),(130729,130700,'万全县'),(130730,130700,'怀来县'),(130731,130700,'涿鹿县'),(130732,130700,'赤城县'),(130733,130700,'崇礼县'),(130800,130000,'承德市'),(130801,130800,'市辖区'),(130802,130801,'双桥区'),(130803,130801,'双滦区'),(130804,130801,'鹰手营子矿区'),(130821,130800,'承德县'),(130822,130800,'兴隆县'),(130823,130800,'平泉县'),(130824,130800,'滦平县'),(130825,130800,'隆化县'),(130826,130800,'丰宁满族自治县'),(130827,130800,'宽城满族自治县'),(130828,130800,'围场满族蒙古族自治县'),(130900,130000,'沧州市'),(130901,130900,'市辖区'),(130902,130901,'新华区'),(130903,130901,'运河区'),(130921,130900,'沧县'),(130922,130900,'青县'),(130923,130900,'东光县'),(130924,130900,'海兴县'),(130925,130900,'盐山县'),(130926,130900,'肃宁县'),(130927,130900,'南皮县'),(130928,130900,'吴桥县'),(130929,130900,'献县'),(130930,130900,'孟村回族自治县'),(130981,130900,'泊头市'),(130982,130900,'任丘市'),(130983,130900,'黄骅市'),(130984,130900,'河间市'),(131000,130000,'廊坊市'),(131001,131000,'市辖区'),(131002,131001,'安次区'),(131003,131001,'广阳区'),(131022,131000,'固安县'),(131023,131000,'永清县'),(131024,131000,'香河县'),(131025,131000,'大城县'),(131026,131000,'文安县'),(131028,131000,'大厂回族自治县'),(131081,131000,'霸州市'),(131082,131000,'三河市'),(131100,130000,'衡水市'),(131101,131100,'市辖区'),(131102,131101,'桃城区'),(131121,131100,'枣强县'),(131122,131100,'武邑县'),(131123,131100,'武强县'),(131124,131100,'饶阳县'),(131125,131100,'安平县'),(131126,131100,'故城县'),(131127,131100,'景县'),(131128,131100,'阜城县'),(131181,131100,'冀州市'),(131182,131100,'深州市'),(140000,0,'山西省'),(140100,140000,'太原市'),(140101,140100,'市辖区'),(140105,140101,'小店区'),(140106,140101,'迎泽区'),(140107,140101,'杏花岭区'),(140108,140101,'尖草坪区'),(140109,140101,'万柏林区'),(140110,140101,'晋源区'),(140121,140100,'清徐县'),(140122,140100,'阳曲县'),(140123,140100,'娄烦县'),(140181,140100,'古交市'),(140200,140000,'大同市'),(140201,140200,'市辖区'),(140202,140201,'城区'),(140203,140201,'矿区'),(140211,140201,'南郊区'),(140212,140201,'新荣区'),(140221,140200,'阳高县'),(140222,140200,'天镇县'),(140223,140200,'广灵县'),(140224,140200,'灵丘县'),(140225,140200,'浑源县'),(140226,140200,'左云县'),(140227,140200,'大同县'),(140300,140000,'阳泉市'),(140301,140300,'市辖区'),(140302,140301,'城区'),(140303,140301,'矿区'),(140311,140301,'郊区'),(140321,140300,'平定县'),(140322,140300,'盂县'),(140400,140000,'长治市'),(140401,140400,'市辖区'),(140402,140401,'城区'),(140411,140401,'郊区'),(140421,140400,'长治县'),(140423,140400,'襄垣县'),(140424,140400,'屯留县'),(140425,140400,'平顺县'),(140426,140400,'黎城县'),(140427,140400,'壶关县'),(140428,140400,'长子县'),(140429,140400,'武乡县'),(140430,140400,'沁县'),(140431,140400,'沁源县'),(140481,140400,'潞城市'),(140500,140000,'晋城市'),(140501,140500,'市辖区'),(140502,140501,'城区'),(140521,140500,'沁水县'),(140522,140500,'阳城县'),(140524,140500,'陵川县'),(140525,140500,'泽州县'),(140581,140500,'高平市'),(140600,140000,'朔州市'),(140601,140600,'市辖区'),(140602,140601,'朔城区'),(140603,140601,'平鲁区'),(140621,140600,'山阴县'),(140622,140600,'应县'),(140623,140600,'右玉县'),(140624,140600,'怀仁县'),(140700,140000,'晋中市'),(140701,140700,'市辖区'),(140702,140701,'榆次区'),(140721,140700,'榆社县'),(140722,140700,'左权县'),(140723,140700,'和顺县'),(140724,140700,'昔阳县'),(140725,140700,'寿阳县'),(140726,140700,'太谷县'),(140727,140700,'祁县'),(140728,140700,'平遥县'),(140729,140700,'灵石县'),(140781,140700,'介休市'),(140800,140000,'运城市'),(140801,140800,'市辖区'),(140802,140801,'盐湖区'),(140821,140800,'临猗县'),(140822,140800,'万荣县'),(140823,140800,'闻喜县'),(140824,140800,'稷山县'),(140825,140800,'新绛县'),(140826,140800,'绛县'),(140827,140800,'垣曲县'),(140828,140800,'夏县'),(140829,140800,'平陆县'),(140830,140800,'芮城县'),(140881,140800,'永济市'),(140882,140800,'河津市'),(140900,140000,'忻州市'),(140901,140900,'忻府区'),(140921,140900,'定襄县'),(140922,140900,'五台县'),(140923,140900,'代县'),(140924,140900,'繁峙县'),(140925,140900,'宁武县'),(140926,140900,'静乐县'),(140927,140900,'神池县'),(140928,140900,'五寨县'),(140929,140900,'岢岚县'),(140930,140900,'河曲县'),(140931,140900,'保德县'),(140932,140900,'偏关县'),(140981,140900,'原平市'),(141000,140000,'临汾市'),(141001,141000,'市辖区'),(141002,141000,'尧都区'),(141021,141000,'曲沃县'),(141022,141000,'翼城县'),(141023,141000,'襄汾县'),(141024,141000,'洪洞县'),(141025,141000,'古县'),(141026,141000,'安泽县'),(141027,141000,'浮山县'),(141028,141000,'吉县'),(141029,141000,'乡宁县'),(141030,141000,'大宁县'),(141031,141000,'隰县'),(141032,141000,'永和县'),(141033,141000,'蒲县'),(141034,141000,'汾西县'),(141081,141000,'侯马市'),(141082,141000,'霍州市'),(141100,140000,'吕梁市'),(141101,141100,'市辖区'),(141102,141101,'离石区'),(141121,141100,'文水县'),(141122,141100,'交城县'),(141123,141100,'兴县'),(141124,141100,'临县'),(141125,141100,'柳林县'),(141126,141100,'石楼县'),(141127,141100,'岚县'),(141128,141100,'方山县'),(141129,141100,'中阳县'),(141130,141100,'交口县'),(141181,141100,'孝义市'),(141182,141100,'汾阳市'),(150000,0,'内蒙古自治区'),(150100,150000,'呼和浩特市'),(150101,150100,'市辖区'),(150102,150101,'新城区'),(150103,150101,'回民区'),(150104,150101,'玉泉区'),(150105,150101,'赛罕区'),(150121,150100,'土默特左旗'),(150122,150100,'托克托县'),(150123,150100,'和林格尔县'),(150124,150100,'清水河县'),(150125,150100,'武川县'),(150200,150000,'包头市'),(150201,150200,'市辖区'),(150202,150201,'东河区'),(150203,150201,'昆都仑区'),(150204,150201,'青山区'),(150205,150201,'石拐区'),(150206,150201,'白云矿区'),(150207,150201,'九原区'),(150221,150200,'土默特右旗'),(150222,150200,'固阳县'),(150223,150200,'达尔罕茂明安联合旗'),(150300,150000,'乌海市'),(150301,150300,'市辖区'),(150302,150301,'海勃湾区'),(150303,150301,'海南区'),(150304,150301,'乌达区'),(150400,150000,'赤峰市'),(150401,150400,'市辖区'),(150402,150401,'红山区'),(150403,150401,'元宝山区'),(150404,150401,'松山区'),(150421,150400,'阿鲁科尔沁旗'),(150422,150400,'巴林左旗'),(150423,150400,'巴林右旗'),(150424,150400,'林西县'),(150425,150400,'克什克腾旗'),(150426,150400,'翁牛特旗'),(150428,150400,'喀喇沁旗'),(150429,150400,'宁城县'),(150430,150400,'敖汉旗'),(150500,150000,'通辽市'),(150501,150500,'市辖区'),(150502,150501,'科尔沁区'),(150521,150500,'科尔沁左翼中旗'),(150522,150500,'科尔沁左翼后旗'),(150523,150500,'开鲁县'),(150524,150500,'库伦旗'),(150525,150500,'奈曼旗'),(150526,150500,'扎鲁特旗'),(150581,150500,'霍林郭勒市'),(150600,150000,'鄂尔多斯市'),(150602,150600,'东胜区'),(150621,150600,'达拉特旗'),(150622,150600,'准格尔旗'),(150623,150600,'鄂托克前旗'),(150624,150600,'鄂托克旗'),(150625,150600,'杭锦旗'),(150626,150600,'乌审旗'),(150627,150600,'伊金霍洛旗'),(150700,150000,'呼伦贝尔市'),(150701,150700,'市辖区'),(150702,150701,'海拉尔区'),(150721,150700,'阿荣旗'),(150722,150700,'莫力达瓦达斡尔族自治旗'),(150723,150700,'鄂伦春自治旗'),(150724,150700,'鄂温克族自治旗'),(150725,150700,'陈巴尔虎旗'),(150726,150700,'新巴尔虎左旗'),(150727,150700,'新巴尔虎右旗'),(150781,150700,'满洲里市'),(150782,150700,'牙克石市'),(150783,150700,'扎兰屯市'),(150784,150700,'额尔古纳市'),(150785,150700,'根河市'),(150800,150000,'巴彦淖尔市'),(150801,150800,'市辖区'),(150802,150800,'临河区'),(150821,150800,'五原县'),(150822,150800,'磴口县'),(150823,150800,'乌拉特前旗'),(150824,150800,'乌拉特中旗'),(150825,150800,'乌拉特后旗'),(150826,150800,'杭锦后旗'),(150900,150000,'乌兰察布市'),(150901,150900,'市辖区'),(150902,150901,'集宁区'),(150921,150900,'卓资县'),(150922,150900,'化德县'),(150923,150900,'商都县'),(150924,150900,'兴和县'),(150925,150900,'凉城县'),(150926,150900,'察哈尔右翼前旗'),(150927,150900,'察哈尔右翼中旗'),(150928,150900,'察哈尔右翼后旗'),(150929,150900,'四子王旗'),(150981,150900,'丰镇市'),(152200,150000,'兴安盟'),(152201,152200,'乌兰浩特市'),(152202,152200,'阿尔山市'),(152221,152200,'科尔沁右翼前旗'),(152222,152200,'科尔沁右翼中旗'),(152223,152200,'扎赉特旗'),(152224,152200,'突泉县'),(152500,150000,'锡林郭勒盟'),(152501,152500,'二连浩特市'),(152502,152500,'锡林浩特市'),(152522,152500,'阿巴嘎旗'),(152523,152500,'苏尼特左旗'),(152524,152500,'苏尼特右旗'),(152525,152500,'东乌珠穆沁旗'),(152526,152500,'西乌珠穆沁旗'),(152527,152500,'太仆寺旗'),(152528,152500,'镶黄旗'),(152529,152500,'正镶白旗'),(152530,152500,'正蓝旗'),(152531,152500,'多伦县'),(152900,150000,'阿拉善盟'),(152921,152900,'阿拉善左旗'),(152922,152900,'阿拉善右旗'),(152923,152900,'额济纳旗'),(210000,0,'辽宁省'),(210100,210000,'沈阳市'),(210101,210100,'市辖区'),(210102,210101,'和平区'),(210103,210101,'沈河区'),(210104,210101,'大东区'),(210105,210101,'皇姑区'),(210106,210101,'铁西区'),(210111,210101,'苏家屯区'),(210112,210101,'东陵区'),(210113,210101,'新城子区'),(210114,210101,'于洪区'),(210122,210100,'辽中县'),(210123,210100,'康平县'),(210124,210100,'法库县'),(210181,210100,'新民市'),(210182,210100,'沈北新区'),(210200,210000,'大连市'),(210201,210200,'市辖区'),(210202,210201,'中山区'),(210203,210201,'西岗区'),(210204,210201,'沙河口区'),(210211,210201,'甘井子区'),(210212,210201,'旅顺口区'),(210213,210201,'金州区'),(210224,210200,'长海县'),(210281,210200,'瓦房店市'),(210282,210200,'普兰店市'),(210283,210200,'庄河市'),(210300,210000,'鞍山市'),(210301,210300,'市辖区'),(210302,210301,'铁东区'),(210303,210301,'铁西区'),(210304,210301,'立山区'),(210311,210301,'千山区'),(210321,210300,'台安县'),(210323,210300,'岫岩满族自治县'),(210381,210300,'海城市'),(210400,210000,'抚顺市'),(210401,210400,'市辖区'),(210402,210401,'新抚区'),(210403,210401,'东洲区'),(210404,210401,'望花区'),(210411,210401,'顺城区'),(210421,210400,'抚顺县'),(210422,210400,'新宾满族自治县'),(210423,210400,'清原满族自治县'),(210500,210000,'本溪市'),(210501,210500,'市辖区'),(210502,210501,'平山区'),(210503,210501,'溪湖??'),(210504,210501,'明山区'),(210505,210501,'南芬区'),(210521,210500,'本溪满族自治县'),(210522,210500,'桓仁满族自治县'),(210600,210000,'丹东市'),(210601,210600,'市辖区'),(210602,210601,'元宝区'),(210603,210601,'振兴区'),(210604,210601,'振安区'),(210624,210600,'宽甸满族自治县'),(210681,210600,'东港市'),(210682,210600,'凤城市'),(210700,210000,'锦州市'),(210701,210700,'市辖区'),(210702,210701,'古塔区'),(210703,210701,'凌河区'),(210711,210701,'太和区'),(210726,210700,'黑山县'),(210727,210700,'义县'),(210781,210700,'凌海市'),(210782,210700,'北宁市'),(210800,210000,'营口市'),(210801,210800,'市辖区'),(210802,210801,'站前区'),(210803,210801,'西市区'),(210804,210801,'鲅鱼圈区'),(210811,210801,'老边区'),(210881,210800,'盖州市'),(210882,210800,'大石桥市'),(210900,210000,'阜新市'),(210901,210900,'市辖区'),(210902,210901,'海州区'),(210903,210901,'新邱区'),(210904,210901,'太平区'),(210905,210901,'清河门区'),(210911,210901,'细河区'),(210921,210900,'阜新蒙古族自治县'),(210922,210900,'彰武县'),(211000,210000,'辽阳市'),(211001,211000,'市辖区'),(211002,211001,'白塔区'),(211003,211001,'文圣区'),(211004,211001,'宏伟区'),(211005,211001,'弓长岭区'),(211011,211001,'太子河区'),(211021,211000,'辽阳县'),(211081,211000,'灯塔市'),(211100,210000,'盘锦市'),(211101,211100,'市辖区'),(211102,211101,'双台子区'),(211103,211101,'兴隆台区'),(211121,211100,'大洼县'),(211122,211100,'盘山县'),(211200,210000,'铁岭市'),(211201,211200,'市辖区'),(211202,211201,'银州区'),(211204,211201,'清河区'),(211221,211200,'铁岭县'),(211223,211200,'西丰县'),(211224,211200,'昌图县'),(211281,211200,'调兵山市'),(211282,211200,'开原市'),(211300,210000,'朝阳市'),(211301,211300,'市辖区'),(211302,211301,'双塔区'),(211303,211301,'龙城区'),(211321,211300,'朝阳县'),(211322,211300,'建平县'),(211324,211300,'喀喇沁左翼蒙古族自治县'),(211381,211300,'北票市'),(211382,211300,'凌源市'),(211400,210000,'葫芦岛市'),(211401,211400,'市辖区'),(211402,211401,'连山区'),(211403,211401,'龙港区'),(211404,211401,'南票区'),(211421,211400,'绥中县'),(211422,211400,'建昌县'),(211481,211400,'兴城市'),(220000,0,'吉林省'),(220100,220000,'长春市'),(220101,220100,'市辖区'),(220102,220101,'南关区'),(220103,220101,'宽城区'),(220104,220101,'朝阳区'),(220105,220101,'二道区'),(220106,220101,'绿园区'),(220112,220101,'双阳区'),(220122,220100,'农安县'),(220181,220100,'九台市'),(220182,220100,'榆树市'),(220183,220100,'德惠市'),(220200,220000,'吉林市'),(220201,220200,'市辖区'),(220202,220201,'昌邑区'),(220203,220201,'龙潭区'),(220204,220201,'船营区'),(220211,220201,'丰满区'),(220221,220200,'永吉县'),(220281,220200,'蛟河市'),(220282,220200,'桦甸市'),(220283,220200,'舒兰市'),(220284,220200,'磐石市'),(220300,220000,'四平市'),(220301,220300,'市辖区'),(220302,220301,'铁西区'),(220303,220301,'铁东区'),(220322,220300,'梨树县'),(220323,220300,'伊通满族自治县'),(220381,220300,'公主岭市'),(220382,220300,'双辽市'),(220400,220000,'辽源市'),(220401,220400,'市辖区'),(220402,220401,'龙山区'),(220403,220401,'西安区'),(220421,220400,'东丰县'),(220422,220400,'东辽县'),(220500,220000,'通化市'),(220501,220500,'市辖区'),(220502,220501,'东昌区'),(220503,220501,'二道江区'),(220521,220500,'通化县'),(220523,220500,'辉南县'),(220524,220500,'柳河县'),(220581,220500,'梅河口市'),(220582,220500,'集安市'),(220600,220000,'白山市'),(220601,220600,'市辖区'),(220602,220601,'八道江区'),(220621,220600,'抚松县'),(220622,220600,'靖宇县'),(220623,220600,'长白朝鲜族自治县'),(220625,220600,'江源区'),(220681,220600,'临江市'),(220700,220000,'松原市'),(220701,220700,'市辖区'),(220702,220701,'宁江区'),(220721,220700,'前郭尔罗斯蒙古族自治县'),(220722,220700,'长岭县'),(220723,220700,'乾安县'),(220724,220700,'扶余市'),(220800,220000,'白城市'),(220801,220800,'市辖区'),(220802,220800,'洮北区'),(220821,220800,'镇赉县'),(220822,220800,'通榆县'),(220881,220800,'洮南市'),(220882,220800,'大安市'),(222400,220000,'延边朝鲜族自治州'),(222401,222400,'延吉市'),(222402,222400,'图们市'),(222403,222400,'敦化市'),(222404,222400,'珲春市'),(222405,222400,'龙井市'),(222406,222400,'和龙市'),(222424,222400,'汪清县'),(222426,222400,'安图县'),(230000,0,'黑龙江省'),(230100,230000,'哈尔滨市'),(230101,230100,'市辖区'),(230102,230101,'道里区'),(230103,230101,'南岗区'),(230104,230101,'道外区'),(230106,230101,'香坊区'),(230107,230101,'动力区'),(230108,230101,'平房区'),(230109,230101,'松北区'),(230111,230101,'呼兰区'),(230123,230100,'依兰县'),(230124,230100,'方正县'),(230125,230100,'宾县'),(230126,230100,'巴彦县'),(230127,230100,'木兰县'),(230128,230100,'通河县'),(230129,230100,'延寿县'),(230181,230100,'阿城市'),(230182,230100,'双城市'),(230183,230100,'尚志市'),(230184,230100,'五常市'),(230200,230000,'齐齐哈尔市'),(230201,230200,'市辖区'),(230202,230201,'龙沙区'),(230203,230201,'建华区'),(230204,230201,'铁锋区'),(230205,230201,'昂昂溪区'),(230206,230201,'富拉尔基区'),(230207,230201,'碾子山区'),(230208,230201,'梅里斯达斡尔族区'),(230221,230200,'龙江县'),(230223,230200,'依安县'),(230224,230200,'泰来县'),(230225,230200,'甘南县'),(230227,230200,'富裕县'),(230229,230200,'克山县'),(230230,230200,'克东县'),(230231,230200,'拜泉县'),(230281,230200,'讷河市'),(230300,230000,'鸡西市'),(230301,230300,'市辖区'),(230302,230301,'鸡冠区'),(230303,230301,'恒山区'),(230304,230301,'滴道区'),(230305,230301,'梨树区'),(230306,230301,'城子河区'),(230307,230301,'麻山区'),(230321,230300,'鸡东县'),(230381,230300,'虎林市'),(230382,230300,'密山市'),(230400,230000,'鹤岗市'),(230401,230400,'市辖区'),(230402,230401,'向阳区'),(230403,230401,'工农区'),(230404,230401,'南山区'),(230405,230401,'兴安区'),(230406,230401,'东山区'),(230407,230401,'兴山区'),(230421,230400,'萝北县'),(230422,230400,'绥滨县'),(230500,230000,'双鸭山市'),(230501,230500,'市辖区'),(230502,230501,'尖山区'),(230503,230501,'岭东区'),(230505,230501,'四方台区'),(230506,230501,'宝山区'),(230521,230500,'集贤县'),(230522,230500,'友谊县'),(230523,230500,'宝清县'),(230524,230500,'饶河县'),(230600,230000,'大庆市'),(230601,230600,'市辖区'),(230602,230601,'萨尔图区'),(230603,230601,'龙凤区'),(230604,230601,'让胡路区'),(230605,230601,'红岗区'),(230606,230601,'大同区'),(230621,230600,'肇州县'),(230622,230600,'肇源县'),(230623,230600,'林甸县'),(230624,230600,'杜尔伯特蒙古族自治县'),(230700,230000,'伊春市'),(230701,230700,'市辖区'),(230702,230701,'伊春区'),(230703,230701,'南岔区'),(230704,230701,'友好区'),(230705,230701,'西林区'),(230706,230701,'翠峦区'),(230707,230701,'新青区'),(230708,230701,'美溪区'),(230709,230701,'金山屯区'),(230710,230701,'五营区'),(230711,230701,'乌马河区'),(230712,230701,'汤旺河区'),(230713,230701,'带岭区'),(230714,230701,'乌伊岭区'),(230715,230701,'红星区'),(230716,230701,'上甘岭区'),(230722,230700,'嘉荫县'),(230781,230700,'铁力市'),(230800,230000,'佳木斯市'),(230801,230800,'市辖区'),(230803,230801,'向阳区'),(230804,230801,'前进区'),(230805,230801,'东风区'),(230811,230801,'郊区'),(230822,230800,'桦南县'),(230826,230800,'桦川县'),(230828,230800,'汤原县'),(230833,230800,'抚远县'),(230881,230800,'同江市'),(230882,230800,'富锦市'),(230900,230000,'七台河市'),(230901,230900,'市辖区'),(230902,230901,'新兴区'),(230903,230901,'桃山区'),(230904,230901,'茄子河区'),(230921,230900,'勃利县'),(231000,230000,'牡丹江市'),(231001,231000,'市辖区'),(231002,231001,'东安区'),(231003,231001,'阳明区'),(231004,231001,'爱民区'),(231005,231001,'西安区'),(231024,231000,'东宁县'),(231025,231000,'林口县'),(231081,231000,'绥芬河市'),(231083,231000,'海林市'),(231084,231000,'宁安市'),(231085,231000,'穆棱市'),(231100,230000,'黑河市'),(231101,231100,'市辖区'),(231102,231101,'爱辉区'),(231121,231100,'嫩江县'),(231123,231100,'逊克县'),(231124,231100,'孙吴县'),(231181,231100,'北安市'),(231182,231100,'五大连池市'),(231200,230000,'绥化市'),(231201,231200,'北林区'),(231221,231200,'望奎县'),(231222,231200,'兰西县'),(231223,231200,'青冈县'),(231224,231200,'庆安县'),(231225,231200,'明水县'),(231226,231200,'绥棱县'),(231281,231200,'安达市'),(231282,231200,'肇东市'),(231283,231200,'海伦市'),(232700,230000,'大兴安岭地区'),(232701,232700,'加格达奇区'),(232702,232700,'松岭区'),(232703,232700,'新林区'),(232704,232700,'呼中区'),(232721,232700,'呼玛县'),(232722,232700,'塔河县'),(232723,232700,'漠河县'),(310000,0,'上海市'),(310100,310000,'黄浦区'),(310300,310000,'卢湾区'),(310400,310000,'徐汇区'),(310500,310000,'长宁区'),(310600,310000,'静安区'),(310700,310000,'普陀区'),(310800,310000,'闸北区'),(310900,310000,'虹口区'),(311000,310000,'杨浦区'),(311200,310000,'闵行区'),(311300,310000,'宝山区'),(311400,310000,'嘉定区'),(311500,310000,'浦东新区'),(311600,310000,'金山区'),(311700,310000,'松江区'),(311800,310000,'青浦区'),(311900,310000,'南汇区'),(312000,310000,'奉贤区'),(313000,310000,'崇明县'),(320000,0,'江苏省'),(320100,320000,'南京市'),(320101,320100,'市辖区'),(320102,320101,'玄武区'),(320103,320101,'白下区'),(320104,320101,'秦淮区'),(320105,320101,'建邺区'),(320106,320101,'鼓楼区'),(320107,320101,'下关区'),(320111,320101,'浦口区'),(320113,320101,'栖霞区'),(320114,320101,'雨花台区'),(320115,320101,'江宁区'),(320116,320101,'六合区'),(320124,320100,'溧水区'),(320125,320100,'高淳区'),(320200,320000,'无锡市'),(320201,320200,'市辖区'),(320202,320201,'崇安区'),(320203,320201,'南长区'),(320204,320201,'北塘区'),(320205,320201,'锡山区'),(320206,320201,'惠山区'),(320211,320201,'滨湖区'),(320281,320200,'江阴市'),(320282,320200,'宜兴市'),(320300,320000,'徐州市'),(320301,320300,'泉山区'),(320302,320300,'鼓楼区'),(320303,320300,'云龙区'),(320304,320301,'九里区'),(320305,320300,'贾汪区'),(320321,320300,'丰县'),(320322,320300,'沛县'),(320323,320300,'铜山县'),(320324,320300,'睢宁县'),(320381,320300,'新沂市'),(320382,320300,'邳州市'),(320400,320000,'常州市'),(320401,320400,'市辖区'),(320402,320401,'天宁区'),(320404,320401,'钟楼区'),(320405,320401,'戚墅堰区'),(320411,320401,'新北区'),(320412,320401,'武进区'),(320481,320400,'溧阳市'),(320482,320400,'金坛市'),(320500,320000,'苏州市'),(320501,320500,'市辖区'),(320502,320501,'沧浪区'),(320503,320501,'平江区'),(320504,320501,'金阊区'),(320505,320501,'虎丘区'),(320506,320501,'吴中区'),(320507,320501,'相城区'),(320581,320500,'常熟市'),(320582,320500,'张家港市'),(320583,320500,'昆山市'),(320584,320500,'吴江市'),(320585,320500,'太仓市'),(320600,320000,'南通市'),(320601,320600,'市辖区'),(320602,320601,'崇川区'),(320611,320601,'港闸区'),(320621,320600,'海安县'),(320623,320600,'如东县'),(320681,320600,'启东市'),(320682,320600,'如皋市'),(320683,320600,'通州市'),(320684,320600,'海门市'),(320700,320000,'连云港市'),(320701,320700,'市辖区'),(320703,320701,'连云区'),(320705,320701,'新浦区'),(320706,320701,'海州区'),(320721,320700,'赣榆县'),(320722,320700,'东海县'),(320723,320700,'灌云县'),(320724,320700,'灌南县'),(320800,320000,'淮安市'),(320801,320800,'市辖区'),(320802,320801,'清河区'),(320803,320801,'楚州区'),(320804,320801,'淮阴区'),(320811,320801,'清浦区'),(320826,320800,'涟水县'),(320829,320800,'洪泽县'),(320830,320800,'盱眙县'),(320831,320800,'金湖县'),(320900,320000,'盐城市'),(320901,320900,'市辖区'),(320902,320901,'亭湖区'),(320903,320901,'盐都区'),(320921,320900,'响水县'),(320922,320900,'滨海县'),(320923,320900,'阜宁县'),(320924,320900,'射阳县'),(320925,320900,'建湖县'),(320981,320900,'东台市'),(320982,320900,'大丰市'),(321000,320000,'扬州市'),(321001,321000,'市辖区'),(321002,321001,'广陵区'),(321003,321001,'邗江区'),(321011,321001,'维扬区'),(321023,321000,'宝应县'),(321081,321000,'仪征市'),(321084,321000,'高邮市'),(321088,321000,'江都市'),(321100,320000,'镇江市'),(321101,321100,'市辖区'),(321102,321101,'京口区'),(321111,321101,'润州区'),(321112,321101,'丹徒区'),(321181,321100,'丹阳市'),(321182,321100,'扬中市'),(321183,321100,'句容市'),(321200,320000,'泰州市'),(321201,321200,'市辖区'),(321202,321201,'海陵区'),(321203,321201,'高港区'),(321281,321200,'兴化市'),(321282,321200,'靖江市'),(321283,321200,'泰兴市'),(321284,321200,'姜堰市'),(321300,320000,'宿迁市'),(321301,321300,'市辖区'),(321302,321301,'宿城区'),(321311,321301,'宿豫区'),(321322,321300,'沭阳县'),(321323,321300,'泗阳县'),(321324,321300,'泗洪县'),(330000,0,'浙江省'),(330100,330000,'杭州市'),(330101,330100,'市辖区'),(330102,330101,'上城区'),(330103,330101,'下城区'),(330104,330101,'江干区'),(330105,330101,'拱墅区'),(330106,330101,'西湖区'),(330108,330101,'滨江区'),(330109,330101,'萧山区'),(330110,330101,'余杭区'),(330122,330100,'桐庐县'),(330127,330100,'淳安县'),(330182,330100,'建德市'),(330183,330100,'富阳市'),(330185,330100,'临安市'),(330200,330000,'宁波市'),(330201,330200,'市辖区'),(330203,330201,'海曙区'),(330204,330201,'江东区'),(330205,330201,'江北区'),(330206,330201,'北仑区'),(330211,330201,'镇海区'),(330212,330201,'鄞州区'),(330225,330200,'象山县'),(330226,330200,'宁海县'),(330281,330200,'余姚市'),(330282,330200,'慈溪市'),(330283,330200,'奉化市'),(330300,330000,'温州市'),(330301,330300,'市辖区'),(330302,330301,'鹿城区'),(330303,330301,'龙湾区'),(330304,330301,'瓯海区'),(330322,330300,'洞头县'),(330324,330300,'永嘉县'),(330326,330300,'平阳县'),(330327,330300,'苍南县'),(330328,330300,'文成县'),(330329,330300,'泰顺县'),(330381,330300,'瑞安市'),(330382,330300,'乐清市'),(330400,330000,'嘉兴市'),(330401,330400,'市辖区'),(330402,330401,'南湖区'),(330411,330401,'秀洲区'),(330421,330400,'嘉善县'),(330424,330400,'海盐县'),(330481,330400,'海宁市'),(330482,330400,'平湖市'),(330483,330400,'桐乡市'),(330500,330000,'湖州市'),(330501,330500,'市辖区'),(330502,330501,'吴兴区'),(330503,330501,'南浔区'),(330521,330500,'德清县'),(330522,330500,'长兴县'),(330523,330500,'安吉县'),(330600,330000,'绍兴市'),(330601,330600,'市辖区'),(330602,330601,'越城区'),(330621,330600,'绍兴县'),(330624,330600,'新昌县'),(330681,330600,'诸暨市'),(330682,330600,'上虞市'),(330683,330600,'嵊州市'),(330700,330000,'金华市'),(330701,330700,'市辖区'),(330702,330701,'婺城区'),(330703,330701,'金东区'),(330723,330700,'武义县'),(330726,330700,'浦江县'),(330727,330700,'磐安县'),(330781,330700,'兰溪市'),(330782,330700,'义乌市'),(330783,330700,'东阳市'),(330784,330700,'永康市'),(330800,330000,'衢州市'),(330801,330800,'市辖区'),(330802,330801,'柯城区'),(330803,330801,'衢江区'),(330822,330800,'常山县'),(330824,330800,'开化县'),(330825,330800,'龙游县'),(330881,330800,'江山市'),(330900,330000,'舟山市'),(330901,330900,'市辖区'),(330902,330901,'定海区'),(330903,330901,'普陀区'),(330921,330900,'岱山县'),(330922,330900,'嵊泗县'),(331000,330000,'台州市'),(331001,331000,'市辖区'),(331002,331001,'椒江区'),(331003,331001,'黄岩区'),(331004,331001,'路桥区'),(331021,331000,'玉环县'),(331022,331000,'三门县'),(331023,331000,'天台县'),(331024,331000,'仙居县'),(331081,331000,'温岭市'),(331082,331000,'临海市'),(331100,330000,'丽水市'),(331101,331100,'市辖区'),(331102,331101,'莲都区'),(331121,331100,'青田县'),(331122,331100,'缙云县'),(331123,331100,'遂昌县'),(331124,331100,'松阳县'),(331125,331100,'云和县'),(331126,331100,'庆元县'),(331127,331100,'景宁畲族自治县'),(331181,331100,'龙泉市'),(340000,0,'安徽省'),(340100,340000,'合肥市'),(340101,340100,'市辖区'),(340102,340101,'瑶海区'),(340103,340101,'庐阳区'),(340104,340101,'蜀山区'),(340111,340101,'包河区'),(340121,340100,'长丰县'),(340122,340100,'肥东县'),(340123,340100,'肥西县'),(340124,340100,'庐江县'),(340181,340100,'巢湖市'),(340200,340000,'芜湖市'),(340201,340200,'市辖区'),(340202,340201,'镜湖区'),(340203,340201,'马塘区'),(340207,340201,'鸠江区'),(340221,340200,'芜湖县'),(340222,340200,'繁昌县'),(340223,340200,'南陵县'),(340225,340200,'无为县'),(340300,340000,'蚌埠市'),(340301,340300,'市辖区'),(340302,340301,'龙子湖区'),(340303,340301,'蚌山区'),(340304,340301,'禹会区'),(340311,340301,'淮上区'),(340321,340300,'怀远县'),(340322,340300,'五河县'),(340323,340300,'固镇县'),(340400,340000,'淮南市'),(340401,340400,'市辖区'),(340402,340401,'大通区'),(340403,340401,'田家庵区'),(340404,340401,'谢家集区'),(340405,340401,'八公山区'),(340406,340401,'潘集区'),(340421,340400,'凤台县'),(340500,340000,'马鞍山市'),(340501,340500,'市辖区'),(340502,340501,'金家庄区'),(340503,340501,'花山区'),(340504,340501,'雨山区'),(340521,340500,'当涂县'),(340522,340500,'含山县'),(340523,340500,'和县'),(340600,340000,'淮北市'),(340601,340600,'市辖区'),(340602,340601,'杜集区'),(340603,340601,'相山区'),(340604,340601,'烈山区'),(340621,340600,'濉溪县'),(340700,340000,'铜陵市'),(340701,340700,'市辖区'),(340702,340701,'铜官山区'),(340703,340701,'狮子山区'),(340711,340701,'郊区'),(340721,340700,'铜陵县'),(340800,340000,'安庆市'),(340801,340800,'市辖区'),(340802,340801,'迎江区'),(340803,340801,'大观区'),(340811,340801,'宜秀区'),(340822,340800,'怀宁县'),(340823,340800,'枞阳县'),(340824,340800,'潜山县'),(340825,340800,'太湖县'),(340826,340800,'宿松县'),(340827,340800,'望江县'),(340828,340800,'岳西县'),(340881,340800,'桐城市'),(341000,340000,'黄山市'),(341001,341000,'黄山区'),(341002,341000,'屯溪区'),(341004,341000,'徽州区'),(341021,341000,'歙县'),(341022,341000,'休宁县'),(341023,341000,'黟县'),(341024,341000,'祁门县'),(341091,341000,'汤口镇'),(341100,340000,'滁州市'),(341101,341100,'市辖区'),(341102,341101,'琅琊区'),(341103,341101,'南谯区'),(341122,341100,'来安县'),(341124,341100,'全椒县'),(341125,341100,'定远县'),(341126,341100,'凤阳县'),(341181,341100,'天长市'),(341182,341100,'明光市'),(341200,340000,'阜阳市'),(341201,341200,'颍泉区'),(341202,341200,'颍州区'),(341203,341200,'颍东区'),(341221,341200,'临泉县'),(341222,341200,'太和县'),(341225,341200,'阜南县'),(341226,341200,'颍上县'),(341282,341200,'界首市'),(341300,340000,'宿州市'),(341301,341300,'市辖区'),(341302,341301,'埇桥区'),(341321,341300,'砀山县'),(341322,341300,'萧县'),(341323,341300,'灵璧县'),(341324,341300,'泗县'),(341402,NULL,'居巢区'),(341500,340000,'六安市'),(341501,341500,'市辖区'),(341502,341501,'金安区'),(341503,341501,'裕安区'),(341521,341500,'寿县'),(341522,341500,'霍邱县'),(341523,341500,'舒城县'),(341524,341500,'金寨县'),(341525,341500,'霍山县'),(341600,340000,'亳州市'),(341601,341600,'谯城区'),(341621,341600,'涡阳县'),(341622,341600,'蒙城县'),(341623,341600,'利辛县'),(341700,340000,'池州市'),(341701,341700,'市辖区'),(341702,341701,'贵池区'),(341721,341700,'东至县'),(341722,341700,'石台县'),(341723,341700,'青阳县'),(341800,340000,'宣城市'),(341801,341800,'市辖区'),(341802,341801,'宣州区'),(341821,341800,'郎溪县'),(341822,341800,'广德县'),(341823,341800,'泾县'),(341824,341800,'绩溪县'),(341825,341800,'旌德县'),(341881,341800,'宁国市'),(350000,0,'福建省'),(350100,350000,'福州市'),(350101,350100,'市辖区'),(350102,350101,'鼓楼区'),(350103,350101,'台江区'),(350104,350101,'仓山区'),(350105,350101,'马尾区'),(350111,350101,'晋安区'),(350121,350100,'闽侯县'),(350122,350100,'连江县'),(350123,350100,'罗源县'),(350124,350100,'闽清县'),(350125,350100,'永泰县'),(350128,350100,'平潭县'),(350181,350100,'福清市'),(350182,350100,'长乐市'),(350200,350000,'厦门市'),(350201,350200,'市辖区'),(350203,350201,'思明区'),(350205,350201,'海沧区'),(350206,350201,'湖里区'),(350211,350201,'集美区'),(350212,350201,'同安区'),(350213,350201,'翔安区'),(350300,350000,'莆田市'),(350301,350300,'市辖区'),(350302,350301,'城厢区'),(350303,350301,'涵江区'),(350304,350301,'荔城区'),(350305,350301,'秀屿区'),(350322,350300,'仙游县'),(350400,350000,'三明市'),(350401,350400,'市辖区'),(350402,350401,'梅列区'),(350403,350401,'三元区'),(350421,350400,'明溪县'),(350423,350400,'清流县'),(350424,350400,'宁化县'),(350425,350400,'大田县'),(350426,350400,'尤溪县'),(350427,350400,'沙县'),(350428,350400,'将乐县'),(350429,350400,'泰宁县'),(350430,350400,'建宁县'),(350481,350400,'永安市'),(350500,350000,'泉州市'),(350501,350500,'市辖区'),(350502,350501,'鲤城区'),(350503,350501,'丰泽区'),(350504,350501,'洛江区'),(350505,350501,'泉港区'),(350521,350500,'惠安县'),(350524,350500,'安溪县'),(350525,350500,'永春县'),(350526,350500,'德化县'),(350527,350500,'金门县'),(350581,350500,'石狮市'),(350582,350500,'晋江市'),(350583,350500,'南安市'),(350600,350000,'漳州市'),(350601,350600,'市辖区'),(350602,350601,'芗城区'),(350603,350601,'龙文区'),(350622,350600,'云霄县'),(350623,350600,'漳浦县'),(350624,350600,'诏安县'),(350625,350600,'长泰县'),(350626,350600,'东山县'),(350627,350600,'南靖县'),(350628,350600,'平和县'),(350629,350600,'华安县'),(350681,350600,'龙海市'),(350700,350000,'南平市'),(350701,350700,'市辖区'),(350702,350701,'延平区'),(350721,350700,'顺昌县'),(350722,350700,'浦城县'),(350723,350700,'光泽县'),(350724,350700,'松溪县'),(350725,350700,'政和县'),(350781,350700,'邵武市'),(350782,350700,'武夷山市'),(350783,350700,'建瓯市'),(350784,350700,'建阳市'),(350800,350000,'龙岩市'),(350801,350800,'市辖区'),(350802,350801,'新罗区'),(350821,350800,'长汀县'),(350822,350800,'永定县'),(350823,350800,'上杭县'),(350824,350800,'武平县'),(350825,350800,'连城县'),(350881,350800,'漳平市'),(350900,350000,'宁德市'),(350901,350900,'市辖区'),(350902,350901,'蕉城区'),(350921,350900,'霞浦县'),(350922,350900,'古田县'),(350923,350900,'屏南县'),(350924,350900,'寿宁县'),(350925,350900,'周宁县'),(350926,350900,'柘荣县'),(350981,350900,'福安市'),(350982,350900,'福鼎市'),(360000,0,'江西省'),(360100,360000,'南昌市'),(360101,360100,'市辖区'),(360102,360101,'东湖区'),(360103,360101,'西湖区'),(360104,360101,'青云谱区'),(360105,360101,'湾里区'),(360111,360101,'青山湖区'),(360121,360100,'南昌县'),(360122,360100,'新建县'),(360123,360100,'安义县'),(360124,360100,'进贤县'),(360200,360000,'景德镇市'),(360201,360200,'市辖区'),(360202,360201,'昌江区'),(360203,360201,'珠山区'),(360222,360200,'浮梁县'),(360281,360200,'乐平市'),(360300,360000,'萍乡市'),(360301,360300,'市辖区'),(360302,360301,'安源区'),(360313,360301,'湘东区'),(360321,360300,'莲花县'),(360322,360300,'上栗县'),(360323,360300,'芦溪县'),(360400,360000,'九江市'),(360401,360400,'市辖区'),(360402,360401,'庐山区'),(360403,360401,'浔阳区'),(360421,360400,'九江县'),(360423,360400,'武宁县'),(360424,360400,'修水县'),(360425,360400,'永修县'),(360426,360400,'德安县'),(360427,360400,'星子县'),(360428,360400,'都昌县'),(360429,360400,'湖口县'),(360430,360400,'彭泽县'),(360481,360400,'瑞昌市'),(360482,360400,'共青城市'),(360500,360000,'新余市'),(360501,360500,'市辖区'),(360502,360501,'渝水区'),(360521,360500,'分宜县'),(360600,360000,'鹰潭市'),(360601,360600,'市辖区'),(360602,360601,'月湖区'),(360622,360600,'余江县'),(360681,360600,'贵溪市'),(360700,360000,'赣州市'),(360701,360700,'市辖区'),(360702,360701,'章贡区'),(360721,360700,'赣县'),(360722,360700,'信丰县'),(360723,360700,'大余县'),(360724,360700,'上犹县'),(360725,360700,'崇义县'),(360726,360700,'安远县'),(360727,360700,'龙南县'),(360728,360700,'定南县'),(360729,360700,'全南县'),(360730,360700,'宁都县'),(360731,360700,'于都县'),(360732,360700,'兴国县'),(360733,360700,'会昌县'),(360734,360700,'寻乌县'),(360735,360700,'石城县'),(360781,360700,'瑞金市'),(360782,360700,'南康市'),(360800,360000,'吉安市'),(360801,360800,'市辖区'),(360802,360801,'吉州区'),(360803,360801,'青原区'),(360821,360800,'吉安县'),(360822,360800,'吉水县'),(360823,360800,'峡江县'),(360824,360800,'新干县'),(360825,360800,'永丰县'),(360826,360800,'泰和县'),(360827,360800,'遂川县'),(360828,360800,'万安县'),(360829,360800,'安福县'),(360830,360800,'永新县'),(360881,360800,'井冈山市'),(360900,360000,'宜春市'),(360901,360900,'市辖区'),(360902,360901,'袁州区'),(360921,360900,'奉新县'),(360922,360900,'万载县'),(360923,360900,'上高县'),(360924,360900,'宜丰县'),(360925,360900,'靖安县'),(360926,360900,'铜鼓县'),(360981,360900,'丰城市'),(360982,360900,'樟树市'),(360983,360900,'高安市'),(361000,360000,'抚州市'),(361001,361000,'市辖区'),(361002,361001,'临川区'),(361021,361000,'南城县'),(361022,361000,'黎川县'),(361023,361000,'南丰县'),(361024,361000,'崇仁县'),(361025,361000,'乐安县'),(361026,361000,'宜黄县'),(361027,361000,'金溪县'),(361028,361000,'资溪县'),(361029,361000,'东乡县'),(361030,361000,'广昌县'),(361100,360000,'上饶市'),(361101,361100,'市辖区'),(361102,361101,'信州区'),(361121,361100,'上饶县'),(361122,361100,'广丰县'),(361123,361100,'玉山县'),(361124,361100,'铅山县'),(361125,361100,'横峰县'),(361126,361100,'弋阳县'),(361127,361100,'余干县'),(361128,361100,'鄱阳县'),(361129,361100,'万年县'),(361130,361100,'婺源县'),(361181,361100,'德兴市'),(370000,0,'山东省'),(370100,370000,'济南市'),(370101,370100,'市辖区'),(370102,370101,'历下区'),(370103,370101,'市中区'),(370104,370101,'槐荫区'),(370105,370101,'天桥区'),(370112,370101,'历城区'),(370113,370101,'长清区'),(370124,370100,'平阴县'),(370125,370100,'济阳县'),(370126,370100,'商河县'),(370181,370100,'章丘市'),(370200,370000,'青岛市'),(370201,370200,'市辖区'),(370202,370201,'市南区'),(370203,370201,'市北区'),(370205,370201,'四方区'),(370211,370201,'黄岛区'),(370212,370201,'崂山区'),(370213,370201,'李沧区'),(370214,370201,'城阳区'),(370281,370200,'胶州市'),(370282,370200,'即墨市'),(370283,370200,'平度市'),(370284,370200,'胶南市'),(370285,370200,'莱西市'),(370300,370000,'淄博市'),(370301,370300,'市辖区'),(370302,370301,'淄川区'),(370303,370301,'张店区'),(370304,370301,'博山区'),(370305,370301,'临淄区'),(370306,370301,'周村区'),(370321,370300,'桓台县'),(370322,370300,'高青县'),(370323,370300,'沂源县'),(370400,370000,'枣庄市'),(370401,370400,'市辖区'),(370402,370401,'市中区'),(370403,370401,'薛城区'),(370404,370401,'峄城区'),(370405,370401,'台儿庄区'),(370406,370401,'山亭区'),(370481,370400,'滕州市'),(370500,370000,'东营市'),(370501,370500,'市辖区'),(370502,370501,'东营区'),(370503,370501,'河口区'),(370521,370500,'垦利县'),(370522,370500,'利津县'),(370523,370500,'广饶县'),(370600,370000,'烟台市'),(370601,370600,'市辖区'),(370602,370601,'芝罘区'),(370611,370601,'福山区'),(370612,370601,'牟平区'),(370613,370601,'莱山区'),(370634,370600,'长岛县'),(370681,370600,'龙口市'),(370682,370600,'莱阳市'),(370683,370600,'莱州市'),(370684,370600,'蓬莱市'),(370685,370600,'招远市'),(370686,370600,'栖霞市'),(370687,370600,'海阳市'),(370700,370000,'潍坊市'),(370701,370700,'市辖区'),(370702,370701,'潍城区'),(370703,370701,'寒亭区'),(370704,370701,'坊子区'),(370705,370701,'奎文区'),(370724,370700,'临朐县'),(370725,370700,'昌乐县'),(370781,370700,'青州市'),(370782,370700,'诸城市'),(370783,370700,'寿光市'),(370784,370700,'安丘市'),(370785,370700,'高密市'),(370786,370700,'昌邑市'),(370800,370000,'济宁市'),(370801,370800,'市辖区'),(370802,370801,'市中区'),(370811,370801,'任城区'),(370826,370800,'微山县'),(370827,370800,'鱼台县'),(370828,370800,'金乡县'),(370829,370800,'嘉祥县'),(370830,370800,'汶上县'),(370831,370800,'泗水县'),(370832,370800,'梁山县'),(370881,370800,'曲阜市'),(370882,370800,'兖州市'),(370883,370800,'邹城市'),(370900,370000,'泰安市'),(370901,370900,'岱岳区'),(370902,370900,'泰山区'),(370921,370900,'宁阳县'),(370923,370900,'东平县'),(370982,370900,'新泰市'),(370983,370900,'肥城市'),(371000,370000,'威海市'),(371001,371000,'市辖区'),(371002,371001,'环翠区'),(371081,371000,'文登市'),(371082,371000,'荣成市'),(371083,371000,'乳山市'),(371100,370000,'日照市'),(371101,371100,'市辖区'),(371102,371101,'东港区'),(371103,371101,'岚山区'),(371121,371100,'五莲县'),(371122,371100,'莒县'),(371200,370000,'莱芜市'),(371201,371200,'市辖区'),(371202,371201,'莱城区'),(371203,371201,'钢城区'),(371300,370000,'临沂市'),(371301,371300,'市辖区'),(371302,371301,'兰山区'),(371311,371301,'罗庄区'),(371312,371301,'河东区'),(371321,371300,'沂南县'),(371322,371300,'郯城县'),(371323,371300,'沂水县'),(371324,371300,'苍山县'),(371325,371300,'费县'),(371326,371300,'平邑县'),(371327,371300,'莒南县'),(371328,371300,'蒙阴县'),(371329,371300,'临沭县'),(371400,370000,'德州市'),(371401,371400,'市辖区'),(371402,371401,'德城区'),(371421,371400,'陵县'),(371422,371400,'宁津县'),(371423,371400,'庆云县'),(371424,371400,'临邑县'),(371425,371400,'齐河县'),(371426,371400,'平原县'),(371427,371400,'夏津县'),(371428,371400,'武城县'),(371481,371400,'乐陵市'),(371482,371400,'禹城市'),(371500,370000,'聊城市'),(371501,371500,'市辖区'),(371502,371501,'东昌府区'),(371521,371500,'阳谷县'),(371522,371500,'莘县'),(371523,371500,'茌平县'),(371524,371500,'东阿县'),(371525,371500,'冠县'),(371526,371500,'高唐县'),(371581,371500,'临清市'),(371600,370000,'滨州市'),(371601,371600,'市辖区'),(371602,371601,'滨城区'),(371621,371600,'惠民县'),(371622,371600,'阳信县'),(371623,371600,'无棣县'),(371624,371600,'沾化县'),(371625,371600,'博兴县'),(371626,371600,'邹平县'),(371700,370000,'菏泽市'),(371701,371700,'市辖区'),(371702,371701,'牡丹区'),(371721,371700,'曹县'),(371722,371700,'单县'),(371723,371700,'成武县'),(371724,371700,'巨野县'),(371725,371700,'郓城县'),(371726,371700,'鄄城县'),(371727,371700,'定陶县'),(371728,371700,'东明县'),(410000,0,'河南省'),(410100,410000,'郑州市'),(410101,410100,'金水区'),(410102,410100,'中原区'),(410103,410100,'二七区'),(410104,410100,'管城回族区'),(410106,410100,'上街区'),(410108,410100,'惠济区'),(410122,410100,'中牟县'),(410181,410100,'巩义市'),(410182,410100,'荥阳市'),(410183,410100,'新密市'),(410184,410100,'新郑市'),(410185,410100,'登封市'),(410200,410000,'开封市'),(410201,410200,'市辖区'),(410202,410201,'龙亭区'),(410203,410201,'顺河回族区'),(410204,410201,'鼓楼区'),(410205,410201,'禹王台区'),(410211,410201,'金明区'),(410221,410200,'杞县'),(410222,410200,'通许县'),(410223,410200,'尉氏县'),(410224,410200,'开封县'),(410225,410200,'兰考县'),(410300,410000,'洛阳市'),(410301,410300,'市辖区'),(410302,410301,'老城区'),(410303,410301,'西工区'),(410304,410301,'廛河回族区'),(410305,410301,'涧西区'),(410306,410301,'吉利区'),(410307,410301,'洛龙区'),(410322,410300,'孟津县'),(410323,410300,'新安县'),(410324,410300,'栾川县'),(410325,410300,'嵩县'),(410326,410300,'汝阳县'),(410327,410300,'宜阳县'),(410328,410300,'洛宁县'),(410329,410300,'伊川县'),(410381,410300,'偃师市'),(410400,410000,'平顶山市'),(410401,410400,'市辖区'),(410402,410401,'新华区'),(410403,410401,'卫东区'),(410404,410401,'石龙区'),(410411,410401,'湛河区'),(410421,410400,'宝丰县'),(410422,410400,'叶县'),(410423,410400,'鲁山县'),(410425,410400,'郏县'),(410481,410400,'舞钢市'),(410482,410400,'汝州市'),(410500,410000,'安阳市'),(410501,410500,'市辖区'),(410502,410501,'文峰区'),(410503,410501,'北关区'),(410505,410501,'殷都区'),(410506,410501,'龙安区'),(410522,410500,'安阳县'),(410523,410500,'汤阴县'),(410526,410500,'滑县'),(410527,410500,'内黄县'),(410581,410500,'林州市'),(410600,410000,'鹤壁市'),(410601,410600,'市辖区'),(410602,410601,'鹤山区'),(410603,410601,'山城区'),(410611,410601,'淇滨区'),(410621,410600,'浚县'),(410622,410600,'淇县'),(410700,410000,'新乡市'),(410701,410700,'市辖区'),(410702,410700,'红旗区'),(410703,410700,'卫滨区'),(410704,410700,'凤泉区'),(410711,410700,'牧野区'),(410721,410700,'新乡县'),(410724,410700,'获嘉县'),(410725,410700,'原阳县'),(410726,410700,'延津县'),(410727,410700,'封丘县'),(410728,410700,'长垣县'),(410781,410700,'卫辉市'),(410782,410700,'辉县市'),(410800,410000,'焦作市'),(410801,410800,'市辖区'),(410802,410801,'解放区'),(410803,410801,'中站区'),(410804,410801,'马村区'),(410811,410801,'山阳区'),(410821,410800,'修武县'),(410822,410800,'博爱县'),(410823,410800,'武陟县'),(410825,410800,'温县'),(410882,410800,'沁阳市'),(410883,410800,'孟州市'),(410900,410000,'濮阳市'),(410901,410900,'市辖区'),(410902,410901,'华龙区'),(410922,410900,'清丰县'),(410923,410900,'南乐县'),(410926,410900,'范县'),(410927,410900,'台前县'),(410928,410900,'濮阳县'),(411000,410000,'许昌市'),(411001,411000,'市辖区'),(411002,411001,'魏都区'),(411023,411000,'许昌县'),(411024,411000,'鄢陵县'),(411025,411000,'襄城县'),(411081,411000,'禹州市'),(411082,411000,'长葛市'),(411100,410000,'漯河市'),(411101,411100,'召陵区'),(411102,411100,'源汇区'),(411103,411100,'郾城区'),(411121,411100,'舞阳县'),(411122,411100,'临颍县'),(411200,410000,'三门峡市'),(411201,411200,'市辖区'),(411202,411201,'湖滨区'),(411221,411200,'渑池县'),(411222,411200,'陕县'),(411224,411200,'卢氏县'),(411281,411200,'义马市'),(411282,411200,'灵宝市'),(411300,410000,'南阳市'),(411301,411300,'市辖区'),(411302,411301,'宛城区'),(411303,411301,'卧龙区'),(411321,411300,'南召县'),(411322,411300,'方城县'),(411323,411300,'西峡县'),(411324,411300,'镇平县'),(411325,411300,'内乡县'),(411326,411300,'淅川县'),(411327,411300,'社旗县'),(411328,411300,'唐河县'),(411329,411300,'新野县'),(411330,411300,'桐柏县'),(411381,411300,'邓州市'),(411400,410000,'商丘市'),(411401,411400,'市辖区'),(411402,411400,'梁园区'),(411403,411400,'睢阳区'),(411421,411400,'民权县'),(411422,411400,'睢县'),(411423,411400,'宁陵县'),(411424,411400,'柘城县'),(411425,411400,'虞城县'),(411426,411400,'夏邑县'),(411481,411400,'永城市'),(411482,411400,'新区'),(411500,410000,'信阳市'),(411501,411500,'市辖区'),(411502,411501,'浉河区'),(411503,411501,'平桥区'),(411521,411500,'罗山县'),(411522,411500,'光山县'),(411523,411500,'新县'),(411524,411500,'商城县'),(411525,411500,'固始县'),(411526,411500,'潢川县'),(411527,411500,'淮滨县'),(411528,411500,'息县'),(411600,410000,'周口市'),(411601,411600,'市辖区'),(411602,411601,'川汇区'),(411621,411600,'扶沟县'),(411622,411600,'西华县'),(411623,411600,'商水县'),(411624,411600,'沈丘县'),(411625,411600,'郸城县'),(411626,411600,'淮阳县'),(411627,411600,'太康县'),(411628,411600,'鹿邑县'),(411681,411600,'项城市'),(411700,410000,'驻马店市'),(411701,411700,'市辖区'),(411702,411701,'驿城区'),(411721,411700,'西平县'),(411722,411700,'上蔡县'),(411723,411700,'平舆县'),(411724,411700,'正阳县'),(411725,411700,'确山县'),(411726,411700,'泌阳县'),(411727,411700,'汝南县'),(411728,411700,'遂平县'),(411729,411700,'新蔡县'),(411800,410000,'济源市'),(411801,411800,'市辖区'),(420000,0,'湖北省'),(420100,420000,'武汉市'),(420101,420100,'市辖区'),(420102,420101,'江岸区'),(420103,420101,'江汉区'),(420104,420101,'硚口区'),(420105,420101,'汉阳区'),(420106,420101,'武昌区'),(420107,420101,'青山区'),(420111,420101,'洪山区'),(420112,420101,'东西湖区'),(420113,420101,'汉南区'),(420114,420101,'蔡甸区'),(420115,420101,'江夏区'),(420116,420101,'黄陂区'),(420117,420100,'新洲区'),(420200,420000,'黄石市'),(420201,420200,'市辖区'),(420202,420201,'黄石港区'),(420203,420201,'西塞山区'),(420204,420201,'下陆区'),(420205,420201,'铁山区'),(420222,420200,'阳新县'),(420281,420200,'大冶市'),(420300,420000,'十堰市'),(420301,420300,'市辖区'),(420302,420301,'茅箭区'),(420303,420301,'张湾区'),(420321,420300,'郧县'),(420322,420300,'郧西县'),(420323,420300,'竹山县'),(420324,420300,'竹溪县'),(420325,420300,'房县'),(420381,420300,'丹江口市'),(420500,420000,'宜昌市'),(420501,420500,'市辖区'),(420502,420501,'西陵区'),(420503,420501,'伍家岗区'),(420504,420501,'点军区'),(420505,420501,'猇亭区'),(420506,420501,'夷陵区'),(420525,420500,'远安县'),(420526,420500,'兴山县'),(420527,420500,'秭归县'),(420528,420500,'长阳土家族自治县'),(420529,420500,'五峰土家族自治县'),(420581,420500,'宜都市'),(420582,420500,'当阳市'),(420583,420500,'枝江市'),(420600,420000,'襄阳市'),(420601,420600,'市辖区'),(420602,420601,'襄城区'),(420606,420601,'樊城区'),(420607,420601,'襄州区'),(420624,420600,'南漳县'),(420625,420600,'谷城县'),(420626,420600,'保康县'),(420682,420600,'老河口市'),(420683,420600,'枣阳市'),(420684,420600,'宜城市'),(420700,420000,'鄂州市'),(420701,420700,'市辖区'),(420702,420701,'梁子湖区'),(420703,420701,'华容区'),(420704,420701,'鄂城区'),(420800,420000,'荆门市'),(420801,420800,'市辖区'),(420802,420801,'东宝区'),(420804,420801,'掇刀区'),(420821,420800,'京山县'),(420822,420800,'沙洋县'),(420881,420800,'钟祥市'),(420900,420000,'孝感市'),(420901,420900,'市辖区'),(420902,420901,'孝南区'),(420921,420900,'孝昌县'),(420922,420900,'大悟县'),(420923,420900,'云梦县'),(420981,420900,'应城市'),(420982,420900,'安陆市'),(420984,420900,'汉川市'),(421000,420000,'荆州市'),(421001,421000,'市辖区'),(421002,421001,'沙市区'),(421003,421001,'荆州区'),(421022,421000,'公安县'),(421023,421000,'监利县'),(421024,421000,'江陵县'),(421081,421000,'石首市'),(421083,421000,'洪湖市'),(421087,421000,'松滋市'),(421100,420000,'黄冈市'),(421101,421100,'市辖区'),(421102,421101,'黄州区'),(421121,421100,'团风县'),(421122,421100,'红安县'),(421123,421100,'罗田县'),(421124,421100,'英山县'),(421125,421100,'浠水县'),(421126,421100,'蕲春县'),(421127,421100,'黄梅县'),(421181,421100,'麻城市'),(421182,421100,'武穴市'),(421200,420000,'咸宁市'),(421201,421200,'市辖区'),(421202,421201,'咸安区'),(421221,421200,'嘉鱼县'),(421222,421200,'通城县'),(421223,421200,'崇阳县'),(421224,421200,'通山县'),(421281,421200,'赤壁市'),(421300,420000,'随州市'),(421301,421300,'市辖区'),(421302,421301,'曾都区'),(421381,421300,'广水市'),(422800,420000,'恩施土家族苗族自治州'),(422801,422800,'恩施市'),(422802,422800,'利川市'),(422822,422800,'建始县'),(422823,422800,'巴东县'),(422825,422800,'宣恩县'),(422826,422800,'咸丰县'),(422827,422800,'来凤县'),(422828,422800,'鹤峰县'),(429000,420000,'省直辖行政单位'),(429004,429000,'仙桃市'),(429005,429000,'潜江市'),(429006,429000,'天门市'),(429021,429000,'神农架林区'),(430000,0,'湖南省'),(430100,430000,'长沙市'),(430101,430100,'市辖区'),(430102,430101,'芙蓉区'),(430103,430101,'天心区'),(430104,430101,'岳麓区'),(430105,430101,'开福区'),(430111,430101,'雨花区'),(430121,430100,'长沙县'),(430122,430100,'望城县'),(430124,430100,'宁乡县'),(430181,430100,'浏阳市'),(430200,430000,'株洲市'),(430201,430200,'市辖区'),(430202,430201,'荷塘区'),(430203,430201,'芦淞区'),(430204,430201,'石峰区'),(430211,430201,'天元区'),(430221,430200,'株洲县'),(430223,430200,'攸县'),(430224,430200,'茶陵县'),(430225,430200,'炎陵县'),(430281,430200,'醴陵市'),(430300,430000,'湘潭市'),(430301,430300,'市辖区'),(430302,430301,'雨湖区'),(430304,430301,'岳塘区'),(430321,430300,'湘潭县'),(430381,430300,'湘乡市'),(430382,430300,'韶山市'),(430400,430000,'衡阳市'),(430401,430400,'市辖区'),(430405,430401,'珠晖区'),(430406,430401,'雁峰区'),(430407,430401,'石鼓区'),(430408,430401,'蒸湘区'),(430412,430401,'南岳区'),(430421,430400,'衡阳县'),(430422,430400,'衡南县'),(430423,430400,'衡山县'),(430424,430400,'衡东县'),(430426,430400,'祁东县'),(430481,430400,'耒阳市'),(430482,430400,'常宁市'),(430500,430000,'邵阳市'),(430501,430500,'市辖区'),(430502,430501,'双清区'),(430503,430501,'大祥区'),(430511,430501,'北塔区'),(430521,430500,'邵东县'),(430522,430500,'新邵县'),(430523,430500,'邵阳县'),(430524,430500,'隆回县'),(430525,430500,'洞口县'),(430527,430500,'绥宁县'),(430528,430500,'新宁县'),(430529,430500,'城步苗族自治县'),(430581,430500,'武冈市'),(430600,430000,'岳阳市'),(430601,430600,'市辖区'),(430602,430601,'岳阳楼区'),(430603,430601,'云溪区'),(430611,430601,'君山区'),(430621,430600,'岳阳县'),(430623,430600,'华容县'),(430624,430600,'湘阴县'),(430626,430600,'平江县'),(430681,430600,'汨罗市'),(430682,430600,'临湘市'),(430700,430000,'常德市'),(430701,430700,'市辖区'),(430702,430701,'武陵区'),(430703,430701,'鼎城区'),(430721,430700,'安乡县'),(430722,430700,'汉寿县'),(430723,430700,'澧县'),(430724,430700,'临澧县'),(430725,430700,'桃源县'),(430726,430700,'石门县'),(430781,430700,'津市市'),(430800,430000,'张家界市'),(430801,430800,'市辖区'),(430802,430801,'永定区'),(430811,430801,'武陵源区'),(430821,430800,'慈利县'),(430822,430800,'桑植县'),(430900,430000,'益阳市'),(430901,430900,'市辖区'),(430902,430901,'资阳区'),(430903,430901,'赫山区'),(430921,430900,'南县'),(430922,430900,'桃江县'),(430923,430900,'安化县'),(430981,430900,'沅江市'),(431000,430000,'郴州市'),(431001,431000,'市辖区'),(431002,431001,'北湖区'),(431003,431001,'苏仙区'),(431021,431000,'桂阳县'),(431022,431000,'宜章县'),(431023,431000,'永兴县'),(431024,431000,'嘉禾县'),(431025,431000,'临武县'),(431026,431000,'汝城县'),(431027,431000,'桂东县'),(431028,431000,'安仁县'),(431081,431000,'资兴市'),(431100,430000,'永州市'),(431101,431100,'市辖区'),(431102,431101,'零陵区'),(431103,431101,'冷水滩区'),(431121,431100,'祁阳县'),(431122,431100,'东安县'),(431123,431100,'双牌县'),(431124,431100,'道县'),(431125,431100,'江永县'),(431126,431100,'宁远县'),(431127,431100,'蓝山县'),(431128,431100,'新田县'),(431129,431100,'江华瑶族自治县'),(431200,430000,'怀化市'),(431201,431200,'市辖区'),(431202,431201,'鹤城区'),(431221,431200,'中方县'),(431222,431200,'沅陵县'),(431223,431200,'辰溪县'),(431224,431200,'溆浦县'),(431225,431200,'会同县'),(431226,431200,'麻阳苗族自治县'),(431227,431200,'新晃侗族自治县'),(431228,431200,'芷江侗族自治县'),(431229,431200,'靖州苗族侗族自治县'),(431230,431200,'通道侗族自治县'),(431281,431200,'洪江市'),(431300,430000,'娄底市'),(431301,431300,'市辖区'),(431302,431301,'娄星区'),(431321,431300,'双峰县'),(431322,431300,'新化县'),(431381,431300,'冷水江市'),(431382,431300,'涟源市'),(433100,430000,'湘西土家族苗族自治州'),(433101,433100,'吉首市'),(433122,433100,'泸溪县'),(433123,433100,'凤凰县'),(433124,433100,'花垣县'),(433125,433100,'保靖县'),(433126,433100,'古丈县'),(433127,433100,'永顺县'),(433130,433100,'龙山县'),(440000,0,'广东省'),(440100,440000,'广州市'),(440101,440100,'市辖区'),(440103,440101,'荔湾区'),(440104,440101,'越秀区'),(440105,440101,'海珠区'),(440106,440101,'天河区'),(440111,440101,'白云区'),(440112,440101,'黄埔区'),(440113,440101,'番禺区'),(440114,440101,'花都区'),(440115,440101,'南沙区'),(440116,440101,'萝岗区'),(440183,440100,'增城市'),(440184,440100,'从化市'),(440200,440000,'韶关市'),(440201,440200,'市辖区'),(440203,440201,'武江区'),(440204,440201,'浈江区'),(440205,440201,'曲江区'),(440222,440200,'始兴县'),(440224,440200,'仁化县'),(440229,440200,'翁源县'),(440232,440200,'乳源瑶族自治县'),(440233,440200,'新丰县'),(440281,440200,'乐昌市'),(440282,440200,'南雄市'),(440300,440000,'深圳市'),(440301,440300,'市辖区'),(440303,440301,'罗湖区'),(440304,440301,'福田区'),(440305,440301,'南山区'),(440306,440301,'宝安区'),(440307,440301,'龙岗区'),(440308,440301,'盐田区'),(440400,440000,'珠海市'),(440401,440400,'市辖区'),(440402,440401,'香洲区'),(440403,440401,'斗门区'),(440404,440401,'金湾区'),(440500,440000,'汕头市'),(440501,440500,'市辖区'),(440507,440501,'龙湖区'),(440511,440501,'金平区'),(440512,440501,'濠江区'),(440513,440501,'潮阳区'),(440514,440501,'潮南区'),(440515,440501,'澄海区'),(440523,440500,'南澳县'),(440600,440000,'佛山市'),(440601,440600,'市辖区'),(440604,440600,'禅城区'),(440605,440600,'南海区'),(440606,440600,'顺德区'),(440607,440600,'三水区'),(440608,440600,'高明区'),(440700,440000,'江门市'),(440701,440700,'市辖区'),(440703,440701,'蓬江区'),(440704,440701,'江海区'),(440705,440701,'新会区'),(440781,440700,'台山市'),(440783,440700,'开平市'),(440784,440700,'鹤山市'),(440785,440700,'恩平市'),(440800,440000,'湛江市'),(440801,440800,'市辖区'),(440802,440801,'赤坎区'),(440803,440801,'霞山区'),(440804,440801,'坡头区'),(440811,440801,'麻章区'),(440823,440800,'遂溪县'),(440825,440800,'徐闻县'),(440881,440800,'廉江市'),(440882,440800,'雷州市'),(440883,440800,'吴川市'),(440900,440000,'茂名市'),(440901,440900,'市辖区'),(440902,440901,'茂南区'),(440903,440901,'茂港区'),(440923,440900,'电白县'),(440981,440900,'高州市'),(440982,440900,'化州市'),(440983,440900,'信宜市'),(441200,440000,'肇庆市'),(441201,441200,'市辖区'),(441202,441201,'端州区'),(441203,441201,'鼎湖区'),(441223,441200,'广宁县'),(441224,441200,'怀集县'),(441225,441200,'封开县'),(441226,441200,'德庆县'),(441283,441200,'高要市'),(441284,441200,'四会市'),(441300,440000,'惠州市'),(441301,441300,'市辖区'),(441302,441301,'惠城区'),(441303,441301,'惠阳区'),(441322,441300,'博罗县'),(441323,441300,'惠东县'),(441324,441300,'龙门县'),(441400,440000,'梅州市'),(441401,441400,'市辖区'),(441402,441401,'梅江区'),(441421,441400,'梅县'),(441422,441400,'大埔县'),(441423,441400,'丰顺县'),(441424,441400,'五华县'),(441426,441400,'平远县'),(441427,441400,'蕉岭县'),(441481,441400,'兴宁市'),(441500,440000,'汕尾市'),(441501,441500,'市辖区'),(441502,441501,'城区'),(441521,441500,'海丰县'),(441523,441500,'陆河县'),(441581,441500,'陆丰市'),(441600,440000,'河源市'),(441601,441600,'市辖区'),(441602,441601,'源城区'),(441621,441600,'紫金县'),(441622,441600,'龙川县'),(441623,441600,'连平县'),(441624,441600,'和平县'),(441625,441600,'东源县'),(441700,440000,'阳江市'),(441701,441700,'市辖区'),(441702,441701,'江城区'),(441721,441700,'阳西县'),(441723,441700,'阳东县'),(441781,441700,'阳春市'),(441800,440000,'清远市'),(441801,441800,'市辖区'),(441802,441801,'清城区'),(441821,441800,'佛冈县'),(441823,441800,'阳山县'),(441825,441800,'连山壮族瑶族自治县'),(441826,441800,'连南瑶族自治县'),(441827,441800,'清新县'),(441881,441800,'英德市'),(441882,441800,'连州市'),(441900,440000,'东莞市'),(442000,440000,'中山市'),(445100,440000,'潮州市'),(445101,445100,'市辖区'),(445102,445101,'湘桥区'),(445121,445100,'潮安区'),(445122,445100,'饶平县'),(445200,440000,'揭阳市'),(445201,445200,'市辖区'),(445202,445201,'榕城区'),(445221,445200,'揭东县'),(445222,445200,'揭西县'),(445224,445200,'惠来县'),(445281,445200,'普宁市'),(445300,440000,'云浮市'),(445301,445300,'市辖区'),(445302,445301,'云城区'),(445321,445300,'新兴县'),(445322,445300,'郁南县'),(445323,445300,'云安县'),(445381,445300,'罗定市'),(450000,0,'广西壮族自治区'),(450100,450000,'南宁市'),(450101,450100,'市辖区'),(450102,450101,'兴宁区'),(450103,450101,'青秀区'),(450105,450101,'江南区'),(450107,450101,'西乡塘区'),(450108,450101,'良庆区'),(450109,450101,'邕宁区'),(450122,450100,'武鸣县'),(450123,450100,'隆安县'),(450124,450100,'马山县'),(450125,450100,'上林县'),(450126,450100,'宾阳县'),(450127,450100,'横县'),(450200,450000,'柳州市'),(450201,450200,'市辖区'),(450202,450201,'城中区'),(450203,450201,'鱼峰区'),(450204,450201,'柳南区'),(450205,450201,'柳北区'),(450221,450200,'柳江县'),(450222,450200,'柳城县'),(450223,450200,'鹿寨县'),(450224,450200,'融安县'),(450225,450200,'融水苗族自治县'),(450226,450200,'三江侗族自治县'),(450300,450000,'桂林市'),(450301,450300,'市辖区'),(450302,450301,'秀峰区'),(450303,450301,'叠彩区'),(450304,450301,'象山区'),(450305,450301,'七星区'),(450311,450301,'雁山区'),(450321,450300,'阳朔县'),(450322,450300,'临桂区'),(450323,450300,'灵川县'),(450324,450300,'全州县'),(450325,450300,'兴安县'),(450326,450300,'永福县'),(450327,450300,'灌阳县'),(450328,450300,'龙胜各族自治县'),(450329,450300,'资源县'),(450330,450300,'平乐县'),(450331,450300,'荔浦县'),(450332,450300,'恭城瑶族自治县'),(450400,450000,'梧州市'),(450401,450400,'市辖区'),(450403,450401,'万秀区'),(450404,450401,'蝶山区'),(450405,450401,'长洲区'),(450421,450400,'苍梧县'),(450422,450400,'藤县'),(450423,450400,'蒙山县'),(450481,450400,'岑溪市'),(450500,450000,'北海市'),(450501,450500,'市辖区'),(450502,450501,'海城区'),(450503,450501,'银海区'),(450512,450501,'铁山港区'),(450521,450500,'合浦县'),(450600,450000,'防城港市'),(450601,450600,'市辖区'),(450602,450601,'港口区'),(450603,450601,'防城区'),(450621,450600,'上思县'),(450681,450600,'东兴市'),(450700,450000,'钦州市'),(450701,450700,'市辖区'),(450702,450700,'钦南区'),(450703,450700,'钦北区'),(450721,450700,'灵山县'),(450722,450700,'浦北县'),(450800,450000,'贵港市'),(450801,450800,'市辖区'),(450802,450801,'港北区'),(450803,450801,'港南区'),(450804,450801,'覃塘区'),(450821,450800,'平南县'),(450881,450800,'桂平市'),(450900,450000,'玉林市'),(450901,450900,'市辖区'),(450902,450901,'玉州区'),(450921,450900,'容县'),(450922,450900,'陆川县'),(450923,450900,'博白县'),(450924,450900,'兴业县'),(450981,450900,'北流市'),(451000,450000,'百色市'),(451001,451000,'市辖区'),(451002,451001,'右江区'),(451021,451000,'田阳县'),(451022,451000,'田东县'),(451023,451000,'平果县'),(451024,451000,'德保县'),(451025,451000,'靖西县'),(451026,451000,'那坡县'),(451027,451000,'凌云县'),(451028,451000,'乐业县'),(451029,451000,'田林县'),(451030,451000,'西林县'),(451031,451000,'隆林各族自治县'),(451100,450000,'贺州市'),(451101,451100,'市辖区'),(451102,451101,'八步区'),(451121,451100,'昭平县'),(451122,451100,'钟山县'),(451123,451100,'富川瑶族自治县'),(451200,450000,'河池市'),(451201,451200,'市辖区'),(451202,451201,'金城江区'),(451221,451200,'南丹县'),(451222,451200,'天峨县'),(451223,451200,'凤山县'),(451224,451200,'东兰县'),(451225,451200,'罗城仫佬族自治县'),(451226,451200,'环江毛南族自治县'),(451227,451200,'巴马瑶族自治县'),(451228,451200,'都安瑶族自治县'),(451229,451200,'大化瑶族自治县'),(451281,451200,'宜州市'),(451300,450000,'来宾市'),(451301,451300,'市辖区'),(451302,451301,'兴宾区'),(451321,451300,'忻城县'),(451322,451300,'象州县'),(451323,451300,'武宣县'),(451324,451300,'金秀瑶族自治县'),(451381,451300,'合山市'),(451400,450000,'崇左市'),(451401,451400,'市辖区'),(451402,451401,'江洲区'),(451421,451400,'扶绥县'),(451422,451400,'宁明县'),(451423,451400,'龙州县'),(451424,451400,'大新县'),(451425,451400,'天等县'),(451481,451400,'凭祥市'),(460000,0,'海南省'),(460100,460000,'海口市'),(460101,460100,'市辖区'),(460105,460101,'秀英区'),(460106,460101,'龙华区'),(460107,460101,'琼山区'),(460108,460101,'美兰区'),(460200,460000,'三亚市'),(460201,460200,'市辖区'),(469000,460000,'省直辖县级行政单位'),(469001,469000,'五指山市'),(469002,469000,'琼海市'),(469003,469000,'儋州市'),(469005,469000,'文昌市'),(469006,469000,'万宁市'),(469007,469000,'东方市'),(469025,469000,'定安县'),(469026,469000,'屯昌县'),(469027,469000,'澄迈县'),(469028,469000,'临高县'),(469030,469000,'白沙黎族自治县'),(469031,469000,'昌江黎族自治县'),(469033,469000,'乐东黎族自治县'),(469034,469000,'陵水黎族自治县'),(469035,469000,'保亭黎族苗族自治县'),(469036,469000,'琼中黎族苗族自治县'),(469037,469000,'西沙群岛'),(469038,469000,'南沙群岛'),(469039,469000,'中沙群岛的岛礁及其海域'),(500000,0,'重庆市'),(500100,500000,'万州区'),(500101,500100,'万州区'),(500200,500000,'涪陵区'),(500201,500200,'涪陵区'),(500300,500000,'渝中区'),(500301,500300,'渝中区'),(500400,500000,'大渡口区'),(500401,500400,'大渡口区'),(500500,500000,'江北区'),(500501,500500,'江北区'),(500600,500000,'沙坪坝区'),(500601,500600,'沙坪坝区'),(500700,500000,'九龙坡区'),(500701,500700,'九龙坡区'),(500800,500000,'南岸区'),(500801,500800,'南岸区'),(500900,500000,'北碚区'),(500901,500900,'北碚区'),(501000,500000,'万盛区'),(501001,501000,'万盛区'),(501100,500000,'双桥区'),(501101,501100,'双桥区'),(501200,500000,'渝北区'),(501201,501200,'渝北区'),(501300,500000,'巴南区'),(501301,501300,'巴南区'),(501400,500000,'黔江区'),(501401,501400,'黔江区'),(501500,500000,'长寿区'),(501501,501500,'长寿区'),(502200,500000,'綦江区'),(502201,502200,'綦江区'),(502300,500000,'潼南县'),(502301,502300,'潼南县'),(502400,500000,'铜梁县'),(502401,502400,'铜梁县'),(502500,500000,'大足区'),(502501,502500,'大足区'),(502600,500000,'荣昌县'),(502601,502600,'荣昌县'),(502700,500000,'璧山县'),(502701,502700,'璧山县'),(502800,500000,'梁平县'),(502801,502800,'梁平县'),(502900,500000,'城口县'),(502901,502900,'城口县'),(503000,500000,'丰都县'),(503001,503000,'丰都县'),(503100,500000,'垫江县'),(503101,503100,'垫江县'),(503200,500000,'武隆县'),(503201,503200,'武隆县'),(503300,500000,'忠县'),(503301,503300,'忠县'),(503400,500000,'开县'),(503401,503400,'开县'),(503500,500000,'云阳县'),(503501,503500,'云阳县'),(503600,500000,'奉节县'),(503601,503600,'奉节县'),(503700,500000,'巫山县'),(503701,503700,'巫山县'),(503800,500000,'巫溪县'),(503801,503800,'巫溪县'),(504000,500000,'石柱县'),(504001,504000,'石柱县'),(504100,500000,'秀山县'),(504101,504100,'秀山县'),(504200,500000,'酉阳县'),(504201,504200,'酉阳县'),(504300,500000,'彭水县'),(504301,504300,'彭水县'),(508100,500000,'江津区'),(508101,508100,'江津区'),(508200,500000,'合川区'),(508201,508200,'合川区'),(508300,500000,'永川区'),(508301,508300,'永川区'),(508400,500000,'南川区'),(508401,508400,'南川区'),(510000,0,'四川省'),(510100,510000,'成都市'),(510101,510100,'市辖区'),(510104,510101,'锦江区'),(510105,510101,'青羊区'),(510106,510101,'金牛区'),(510107,510101,'武侯区'),(510108,510101,'成华区'),(510112,510100,'龙泉驿区'),(510113,510101,'青白江区'),(510114,510101,'新都区'),(510115,510101,'温江区'),(510121,510100,'金堂县'),(510122,510100,'双流县'),(510124,510100,'郫县'),(510129,510100,'大邑县'),(510131,510100,'蒲江县'),(510132,510100,'新津县'),(510181,510100,'都江堰市'),(510182,510100,'彭州市'),(510183,510100,'邛崃市'),(510184,510100,'崇州市'),(510300,510000,'自贡市'),(510301,510300,'市辖区'),(510302,510301,'自流井区'),(510303,510301,'贡井区'),(510304,510301,'大安区'),(510311,510301,'沿滩区'),(510321,510300,'荣县'),(510322,510300,'富顺县'),(510400,510000,'攀枝花市'),(510401,510400,'市辖区'),(510402,510401,'东区'),(510403,510401,'西区'),(510411,510401,'仁和区'),(510421,510400,'米易县'),(510422,510400,'盐边县'),(510500,510000,'泸州市'),(510501,510500,'市辖区'),(510502,510501,'江阳区'),(510503,510501,'纳溪区'),(510504,510501,'龙马潭区'),(510521,510500,'泸县'),(510522,510500,'合江县'),(510524,510500,'叙永县'),(510525,510500,'古蔺县'),(510600,510000,'德阳市'),(510601,510600,'市辖区'),(510603,510601,'旌阳区'),(510623,510600,'中江县'),(510626,510600,'罗江县'),(510681,510600,'广汉市'),(510682,510600,'什邡市'),(510683,510600,'绵竹市'),(510700,510000,'绵阳市'),(510701,510700,'市辖区'),(510703,510701,'涪城区'),(510704,510701,'游仙区'),(510722,510700,'三台县'),(510723,510700,'盐亭县'),(510724,510700,'安县'),(510725,510700,'梓潼县'),(510726,510700,'北川羌族自治县'),(510727,510700,'平武县'),(510781,510700,'江油市'),(510800,510000,'广元市'),(510801,510800,'市辖区'),(510802,510801,'市中区'),(510811,510801,'元坝区'),(510812,510801,'朝天区'),(510821,510800,'旺苍县'),(510822,510800,'青川县'),(510823,510800,'剑阁县'),(510824,510800,'苍溪县'),(510900,510000,'遂宁市'),(510901,510900,'市辖区'),(510903,510901,'船山区'),(510904,510901,'安居区'),(510921,510900,'蓬溪县'),(510922,510900,'射洪县'),(510923,510900,'大英县'),(511000,510000,'内江市'),(511001,511000,'市辖区'),(511002,511001,'市中区'),(511011,511001,'东兴区'),(511024,511000,'威远县'),(511025,511000,'资中县'),(511028,511000,'隆昌县'),(511100,510000,'乐山市'),(511101,511100,'市辖区'),(511102,511101,'市中区'),(511111,511101,'沙湾区'),(511112,511101,'五通桥区'),(511113,511101,'金口河区'),(511123,511100,'犍为县'),(511124,511100,'井研县'),(511126,511100,'夹江县'),(511129,511100,'沐川县'),(511132,511100,'峨边彝族自治县'),(511133,511100,'马边彝族自治县'),(511181,511100,'峨眉山市'),(511300,510000,'南充市'),(511301,511300,'市辖区'),(511302,511301,'顺庆区'),(511303,511301,'高坪区'),(511304,511301,'嘉陵区'),(511321,511300,'南部县'),(511322,511300,'营山县'),(511323,511300,'蓬安县'),(511324,511300,'仪陇县'),(511325,511300,'西充县'),(511381,511300,'阆中市'),(511400,510000,'眉山市'),(511401,511400,'市辖区'),(511402,511401,'东坡区'),(511421,511400,'仁寿县'),(511422,511400,'彭山县'),(511423,511400,'洪雅县'),(511424,511400,'丹棱县'),(511425,511400,'青神县'),(511500,510000,'宜宾市'),(511501,511500,'市辖区'),(511502,511500,'翠屏区'),(511521,511500,'宜宾县'),(511522,511500,'南溪县'),(511523,511500,'江安县'),(511524,511500,'长宁县'),(511525,511500,'高县'),(511526,511500,'珙县'),(511527,511500,'筠连县'),(511528,511500,'兴文县'),(511529,511500,'屏山县'),(511600,510000,'广安市'),(511601,511600,'市辖区'),(511602,511601,'广安区'),(511621,511600,'岳池县'),(511622,511600,'武胜县'),(511623,511600,'邻水县'),(511681,511600,'华蓥市'),(511682,511600,'广安区'),(511700,510000,'达州市'),(511701,511700,'市辖区'),(511702,511701,'通川区'),(511721,511700,'达川区'),(511722,511700,'宣汉县'),(511723,511700,'开江县'),(511724,511700,'大竹县'),(511725,511700,'渠县'),(511781,511700,'万源市'),(511800,510000,'雅安市'),(511801,511800,'雨城区'),(511802,511801,'雨城区'),(511821,511800,'名山区'),(511822,511800,'荥经县'),(511823,511800,'汉源县'),(511824,511800,'石棉县'),(511825,511800,'天全县'),(511826,511800,'芦山县'),(511827,511800,'宝兴县'),(511900,510000,'巴中市'),(511901,511900,'市辖区'),(511902,511901,'巴州区'),(511921,511900,'通江县'),(511922,511900,'南江县'),(511923,511900,'平昌县'),(512000,510000,'资阳市'),(512001,512000,'市辖区'),(512002,512001,'雁江区'),(512021,512000,'安岳县'),(512022,512000,'乐至县'),(512081,512000,'简阳市'),(513200,510000,'阿坝藏族羌族自治州'),(513221,513200,'汶川县'),(513222,513200,'理县'),(513223,513200,'茂县'),(513224,513200,'松潘县'),(513225,513200,'九寨沟县'),(513226,513200,'金川县'),(513227,513200,'小金县'),(513228,513200,'黑水县'),(513229,513200,'马尔康县'),(513230,513200,'壤塘县'),(513231,513200,'阿坝县'),(513232,513200,'若尔盖县'),(513233,513200,'红原县'),(513300,510000,'甘孜藏族自治州'),(513321,513300,'康定县'),(513322,513300,'泸定县'),(513323,513300,'丹巴县'),(513324,513300,'九龙县'),(513325,513300,'雅江县'),(513326,513300,'道孚县'),(513327,513300,'炉霍县'),(513328,513300,'甘孜县'),(513329,513300,'新龙县'),(513330,513300,'德格县'),(513331,513300,'白玉县'),(513332,513300,'石渠县'),(513333,513300,'色达县'),(513334,513300,'理塘县'),(513335,513300,'巴塘县'),(513336,513300,'乡城县'),(513337,513300,'稻城县'),(513338,513300,'得荣县'),(513400,510000,'凉山彝族自治州'),(513401,513400,'西昌市'),(513422,513400,'木里藏族自治县'),(513423,513400,'盐源县'),(513424,513400,'德昌县'),(513425,513400,'会理县'),(513426,513400,'会东县'),(513427,513400,'宁南县'),(513428,513400,'普格县'),(513429,513400,'布拖县'),(513430,513400,'金阳县'),(513431,513400,'昭觉县'),(513432,513400,'喜德县'),(513433,513400,'冕宁县'),(513434,513400,'越西县'),(513435,513400,'甘洛县'),(513436,513400,'美姑县'),(513437,513400,'雷波县'),(520000,0,'贵州省'),(520100,520000,'贵阳市'),(520101,520100,'市辖区'),(520102,520101,'南明区'),(520103,520101,'云岩区'),(520111,520101,'花溪区'),(520112,520100,'乌当区'),(520113,520101,'白云区'),(520114,520101,'小河区'),(520121,520100,'开阳县'),(520122,520100,'息烽县'),(520123,520100,'修文县'),(520181,520100,'清镇市'),(520200,520000,'六盘水市'),(520201,520200,'钟山区'),(520203,520200,'六枝特区'),(520221,520200,'水城县'),(520222,520200,'盘县'),(520300,520000,'遵义市'),(520301,520300,'市辖区'),(520302,520301,'红花岗区'),(520303,520301,'汇川区'),(520321,520300,'遵义县'),(520322,520300,'桐梓县'),(520323,520300,'绥阳县'),(520324,520300,'正安县'),(520325,520300,'道真仡佬族苗族自治县'),(520326,520300,'务川仡佬族苗族自治县'),(520327,520300,'凤冈县'),(520328,520300,'湄潭县'),(520329,520300,'余庆县'),(520330,520300,'习水县'),(520381,520300,'赤水市'),(520382,520300,'仁怀市'),(520400,520000,'安顺市'),(520401,520400,'市辖区'),(520402,520401,'西秀区'),(520421,520400,'平坝县'),(520422,520400,'普定县'),(520423,520400,'镇宁布依族苗族自治县'),(520424,520400,'关岭布依族苗族自治县'),(520425,520400,'紫云苗族布依族自治县'),(522200,520000,'铜仁市'),(522201,522200,'碧江区'),(522222,522200,'江口县'),(522223,522200,'玉屏侗族自治县'),(522224,522200,'石阡县'),(522225,522200,'思南县'),(522226,522200,'印江土家族苗族自治县'),(522227,522200,'德江县'),(522228,522200,'沿河土家族自治县'),(522229,522200,'松桃苗族自治县'),(522230,522200,'万山区'),(522300,520000,'黔西南布依族苗族自治州'),(522301,522300,'兴义市'),(522322,522300,'兴仁县'),(522323,522300,'普安县'),(522324,522300,'晴隆县'),(522325,522300,'贞丰县'),(522326,522300,'望谟县'),(522327,522300,'册亨县'),(522328,522300,'安龙县'),(522400,520000,'毕节市'),(522401,522400,'七星关区'),(522422,522400,'大方县'),(522423,522400,'黔西县'),(522424,522400,'金沙县'),(522425,522400,'织金县'),(522426,522400,'纳雍县'),(522427,522400,'威宁彝族回族苗族自治县'),(522428,522400,'赫章县'),(522600,520000,'黔东南苗族侗族自治州'),(522601,522600,'凯里市'),(522622,522600,'黄平县'),(522623,522600,'施秉县'),(522624,522600,'三穗县'),(522625,522600,'镇远县'),(522626,522600,'岑巩县'),(522627,522600,'天柱县'),(522628,522600,'锦屏县'),(522629,522600,'剑河县'),(522630,522600,'台江县'),(522631,522600,'黎平县'),(522632,522600,'榕江县'),(522633,522600,'从江县'),(522634,522600,'雷山县'),(522635,522600,'麻江县'),(522636,522600,'丹寨县'),(522700,520000,'黔南布依族苗族自治州'),(522701,522700,'都匀市'),(522702,522700,'福泉市'),(522722,522700,'荔波县'),(522723,522700,'贵定县'),(522725,522700,'瓮安县'),(522726,522700,'独山县'),(522727,522700,'平塘县'),(522728,522700,'罗甸县'),(522729,522700,'长顺县'),(522730,522700,'龙里县'),(522731,522700,'惠水县'),(522732,522700,'三都水族自治县'),(530000,0,'云南省'),(530100,530000,'昆明市'),(530101,530100,'市辖区'),(530102,530101,'五华区'),(530103,530101,'盘龙区'),(530111,530101,'官渡区'),(530112,530101,'西山区'),(530113,530101,'东川区'),(530121,530100,'呈贡县'),(530122,530100,'晋宁县'),(530124,530100,'富民县'),(530125,530100,'宜良县'),(530126,530100,'石林彝族自治县'),(530127,530100,'嵩明县'),(530128,530100,'禄劝彝族苗族自治县'),(530129,530100,'寻甸回族彝族自治县'),(530181,530100,'安宁市'),(530300,530000,'曲靖市'),(530301,530300,'市辖区'),(530302,530301,'麒麟区'),(530321,530300,'马龙县'),(530322,530300,'陆良县'),(530323,530300,'师宗县'),(530324,530300,'罗平县'),(530325,530300,'富源县'),(530326,530300,'会泽县'),(530328,530300,'沾益县'),(530381,530300,'宣威市'),(530400,530000,'玉溪市'),(530401,530400,'市辖区'),(530402,530401,'红塔区'),(530421,530400,'江川县'),(530422,530400,'澄江县'),(530423,530400,'通海县'),(530424,530400,'华宁县'),(530425,530400,'易门县'),(530426,530400,'峨山彝族自治县'),(530427,530400,'新平彝族傣族自治县'),(530428,530400,'元江哈尼族彝族傣族自治县'),(530500,530000,'保山市'),(530501,530500,'市辖区'),(530502,530500,'隆阳区'),(530521,530500,'施甸县'),(530522,530500,'腾冲县'),(530523,530500,'龙陵县'),(530524,530500,'昌宁县'),(530600,530000,'昭通市'),(530601,530600,'市辖区'),(530602,530601,'昭阳区'),(530621,530600,'鲁甸县'),(530622,530600,'巧家县'),(530623,530600,'盐津县'),(530624,530600,'大关县'),(530625,530600,'永善县'),(530626,530600,'绥江县'),(530627,530600,'镇雄县'),(530628,530600,'彝良县'),(530629,530600,'威信县'),(530630,530600,'水富县'),(530700,530000,'丽江市'),(530701,530700,'市辖区'),(530702,530701,'古城区'),(530721,530700,'玉龙纳西族自治县'),(530722,530700,'永胜县'),(530723,530700,'华坪县'),(530724,530700,'宁蒗彝族自治县'),(530800,530000,'普洱市'),(530801,530800,'市辖区'),(530802,530801,'翠云区'),(530821,530800,'宁洱哈尼族彝族自治县'),(530822,530800,'墨江哈尼族自治县'),(530823,530800,'景东彝族自治县'),(530824,530800,'景谷傣族彝族自治县'),(530825,530800,'镇沅彝族哈尼族拉祜族自治县'),(530826,530800,'江城哈尼族彝族自治县'),(530827,530800,'孟连傣族拉祜族佤族自治县'),(530828,530800,'澜沧拉祜族自治县'),(530829,530800,'西盟佤族自治县'),(530900,530000,'临沧市'),(530901,530900,'市辖区'),(530902,530901,'临翔区'),(530921,530900,'凤庆县'),(530922,530900,'云县'),(530923,530900,'永德县'),(530924,530900,'镇康县'),(530925,530900,'双江拉祜族佤族布朗族傣族自治县'),(530926,530900,'耿马傣族佤族自治县'),(530927,530900,'沧源佤族自治县'),(532300,530000,'楚雄彝族自治州'),(532301,532300,'楚雄市'),(532322,532300,'双柏县'),(532323,532300,'牟定县'),(532324,532300,'南华县'),(532325,532300,'姚安县'),(532326,532300,'大姚县'),(532327,532300,'永仁县'),(532328,532300,'元谋县'),(532329,532300,'武定县'),(532331,532300,'禄丰县'),(532500,530000,'红河哈尼族彝族自治州'),(532501,532500,'个旧市'),(532502,532500,'开远市'),(532522,532500,'蒙自市'),(532523,532500,'屏边苗族自治县'),(532524,532500,'建水县'),(532525,532500,'石屏县'),(532526,532500,'弥勒市'),(532527,532500,'泸西县'),(532528,532500,'元阳县'),(532529,532500,'红河县'),(532530,532500,'金平苗族瑶族傣族自治县'),(532531,532500,'绿春县'),(532532,532500,'河口瑶族自治县'),(532600,530000,'文山壮族苗族自治州'),(532621,532600,'文山市'),(532622,532600,'砚山县'),(532623,532600,'西畴县'),(532624,532600,'麻栗坡县'),(532625,532600,'马关县'),(532626,532600,'丘北县'),(532627,532600,'广南县'),(532628,532600,'富宁县'),(532800,530000,'西双版纳傣族自治州'),(532801,532800,'景洪市'),(532822,532800,'勐海县'),(532823,532800,'勐腊县'),(532900,530000,'大理白族自治州'),(532901,532900,'大理市'),(532922,532900,'漾濞彝族自治县'),(532923,532900,'祥云县'),(532924,532900,'宾川县'),(532925,532900,'弥渡县'),(532926,532900,'南涧彝族自治县'),(532927,532900,'巍山彝族回族自治县'),(532928,532900,'永平县'),(532929,532900,'云龙县'),(532930,532900,'洱源县'),(532931,532900,'剑川县'),(532932,532900,'鹤庆县'),(533100,530000,'德宏傣族景颇族自治州'),(533102,533100,'瑞丽市'),(533103,533100,'潞西市'),(533122,533100,'梁河县'),(533123,533100,'盈江县'),(533124,533100,'陇川县'),(533300,530000,'怒江傈僳族自治州'),(533321,533300,'泸水县'),(533323,533300,'福贡县'),(533324,533300,'贡山独龙族怒族自治县'),(533325,533300,'兰坪白族普米族自治县'),(533400,530000,'迪庆藏族自治州'),(533421,533400,'香格里拉县'),(533422,533400,'德钦县'),(533423,533400,'维西傈僳族自治县'),(540000,0,'西藏自治区'),(540100,540000,'拉萨市'),(540101,540100,'市辖区'),(540102,540101,'城关区'),(540121,540100,'林周县'),(540122,540100,'当雄县'),(540123,540100,'尼木县'),(540124,540100,'曲水县'),(540125,540100,'堆龙德庆县'),(540126,540100,'达孜县'),(540127,540100,'墨竹工卡县'),(542100,540000,'昌都地区'),(542121,542100,'昌都县'),(542122,542100,'江达县'),(542123,542100,'贡觉县'),(542124,542100,'类乌齐县'),(542125,542100,'丁青县'),(542126,542100,'察雅县'),(542127,542100,'八宿县'),(542128,542100,'左贡县'),(542129,542100,'芒康县'),(542132,542100,'洛隆县'),(542133,542100,'边坝县'),(542200,540000,'山南地区'),(542221,542200,'乃东县'),(542222,542200,'扎囊县'),(542223,542200,'贡嘎县'),(542224,542200,'桑日县'),(542225,542200,'琼结县'),(542226,542200,'曲松县'),(542227,542200,'措美县'),(542228,542200,'洛扎县'),(542229,542200,'加查县'),(542231,542200,'隆子县'),(542232,542200,'错那县'),(542233,542200,'浪卡子县'),(542300,540000,'日喀则地区'),(542301,542300,'日喀则市'),(542322,542300,'南木林县'),(542323,542300,'江孜县'),(542324,542300,'定日县'),(542325,542300,'萨迦县'),(542326,542300,'拉孜县'),(542327,542300,'昂仁县'),(542328,542300,'谢通门县'),(542329,542300,'白朗县'),(542330,542300,'仁布县'),(542331,542300,'康马县'),(542332,542300,'定结县'),(542333,542300,'仲巴县'),(542334,542300,'亚东县'),(542335,542300,'吉隆县'),(542336,542300,'聂拉木县'),(542337,542300,'萨嘎县'),(542338,542300,'岗巴县'),(542400,540000,'那曲地区'),(542421,542400,'那曲县'),(542422,542400,'嘉黎县'),(542423,542400,'比如县'),(542424,542400,'聂荣县'),(542425,542400,'安多县'),(542426,542400,'申扎县'),(542427,542400,'索县'),(542428,542400,'班戈县'),(542429,542400,'巴青县'),(542430,542400,'尼玛县'),(542500,540000,'阿里地区'),(542521,542500,'普兰县'),(542522,542500,'札达县'),(542523,542500,'噶尔县'),(542524,542500,'日土县'),(542525,542500,'革吉县'),(542526,542500,'改则县'),(542527,542500,'措勤县'),(542600,540000,'林芝地区'),(542621,542600,'林芝县'),(542622,542600,'工布江达县'),(542623,542600,'米林县'),(542624,542600,'墨脱县'),(542625,542600,'波密县'),(542626,542600,'察隅县'),(542627,542600,'朗县'),(610000,0,'陕西省'),(610100,610000,'西安市'),(610101,610100,'长安区'),(610102,610100,'新城区'),(610103,610100,'碑林区'),(610104,610100,'莲湖区'),(610111,610100,'灞桥区'),(610112,610100,'未央区'),(610113,610100,'雁塔区'),(610114,610100,'阎良区'),(610115,610100,'临潼区'),(610122,610100,'蓝田县'),(610124,610100,'周至县'),(610125,610100,'户县'),(610126,610100,'高陵县'),(610200,610000,'铜川市'),(610201,610200,'市辖区'),(610202,610201,'王益区'),(610203,610201,'印台区'),(610204,610201,'耀州区'),(610222,610200,'宜君县'),(610300,610000,'宝鸡市'),(610301,610300,'市辖区'),(610302,610301,'渭滨区'),(610303,610301,'金台区'),(610304,610301,'陈仓区'),(610322,610300,'凤翔县'),(610323,610300,'岐山县'),(610324,610300,'扶风县'),(610326,610300,'眉县'),(610327,610300,'陇县'),(610328,610300,'千阳县'),(610329,610300,'麟游县'),(610330,610300,'凤县'),(610331,610300,'太白县'),(610400,610000,'咸阳市'),(610401,610400,'市辖区'),(610402,610401,'秦都区'),(610404,610401,'渭城区'),(610422,610400,'三原县'),(610423,610400,'泾阳县'),(610424,610400,'乾县'),(610425,610400,'礼泉县'),(610426,610400,'永寿县'),(610427,610400,'彬县'),(610428,610400,'长武县'),(610429,610400,'旬邑县'),(610430,610400,'淳化县'),(610431,610400,'武功县'),(610481,610400,'兴平市'),(610500,610000,'渭南市'),(610501,610500,'市辖区'),(610502,610501,'临渭区'),(610521,610500,'华县'),(610522,610500,'潼关县'),(610523,610500,'大荔县'),(610524,610500,'合阳县'),(610525,610500,'澄城县'),(610526,610500,'蒲城县'),(610527,610500,'白水县'),(610528,610500,'富平县'),(610581,610500,'韩城市'),(610582,610500,'华阴市'),(610600,610000,'延安市'),(610601,610600,'市辖区'),(610602,610601,'宝塔区'),(610621,610600,'延长县'),(610622,610600,'延川县'),(610623,610600,'子长县'),(610624,610600,'安塞县'),(610625,610600,'志丹县'),(610626,610600,'吴起县'),(610627,610600,'甘泉县'),(610628,610600,'富县'),(610629,610600,'洛川县'),(610630,610600,'宜川县'),(610631,610600,'黄龙县'),(610632,610600,'黄陵县'),(610700,610000,'汉中市'),(610701,610700,'市辖区'),(610702,610701,'汉台区'),(610721,610700,'南郑县'),(610722,610700,'城固县'),(610723,610700,'洋县'),(610724,610700,'西乡县'),(610725,610700,'勉县'),(610726,610700,'宁强县'),(610727,610700,'略阳县'),(610728,610700,'镇巴县'),(610729,610700,'留坝县'),(610730,610700,'佛坪县'),(610800,610000,'榆林市'),(610801,610800,'市辖区'),(610802,610800,'榆阳区'),(610821,610800,'神木县'),(610822,610800,'府谷县'),(610823,610800,'横山县'),(610824,610800,'靖边县'),(610825,610800,'定边县'),(610826,610800,'绥德县'),(610827,610800,'米脂县'),(610828,610800,'佳县'),(610829,610800,'吴堡县'),(610830,610800,'清涧县'),(610831,610800,'子洲县'),(610900,610000,'安康市'),(610901,610900,'市辖区'),(610902,610901,'汉滨区'),(610921,610900,'汉阴县'),(610922,610900,'石泉县'),(610923,610900,'宁陕县'),(610924,610900,'紫阳县'),(610925,610900,'岚皋县'),(610926,610900,'平利县'),(610927,610900,'镇坪县'),(610928,610900,'旬阳县'),(610929,610900,'白河县'),(611000,610000,'商洛市'),(611001,611000,'市辖区'),(611002,611001,'商州区'),(611021,611000,'洛南县'),(611022,611000,'丹凤县'),(611023,611000,'商南县'),(611024,611000,'山阳县'),(611025,611000,'镇安县'),(611026,611000,'柞水县'),(611100,610000,'杨凌示范区'),(611103,611100,'杨凌区'),(620000,0,'甘肃省'),(620100,620000,'兰州市'),(620101,620100,'市辖区'),(620102,620101,'城关区'),(620103,620101,'七里河区'),(620104,620101,'西固区'),(620105,620101,'安宁区'),(620111,620101,'红古区'),(620121,620100,'永登县'),(620122,620100,'皋兰县'),(620123,620100,'榆中县'),(620200,620000,'嘉峪关市'),(620201,620200,'市辖区'),(620300,620000,'金昌市'),(620301,620300,'金川区'),(620321,620300,'永昌县'),(620400,620000,'白银市'),(620401,620400,'市辖区'),(620402,620401,'白银区'),(620403,620401,'平川区'),(620421,620400,'靖远县'),(620422,620400,'会宁县'),(620423,620400,'景泰县'),(620500,620000,'天水市'),(620501,620500,'麦积区'),(620502,620500,'秦州区'),(620521,620500,'清水县'),(620522,620500,'秦安县'),(620523,620500,'甘谷县'),(620524,620500,'武山县'),(620525,620500,'张家川回族自治县'),(620600,620000,'武威市'),(620601,620600,'市辖区'),(620602,620601,'凉州区'),(620621,620600,'民勤县'),(620622,620600,'古浪县'),(620623,620600,'天祝藏族自治县'),(620700,620000,'张掖市'),(620701,620700,'市辖区'),(620702,620701,'甘州区'),(620721,620700,'肃南裕固族自治县'),(620722,620700,'民乐县'),(620723,620700,'临泽县'),(620724,620700,'高台县'),(620725,620700,'山丹县'),(620800,620000,'平凉市'),(620801,620800,'市辖区'),(620802,620801,'崆峒区'),(620821,620800,'泾川县'),(620822,620800,'灵台县'),(620823,620800,'崇信县'),(620824,620800,'华亭县'),(620825,620800,'庄浪县'),(620826,620800,'静宁县'),(620900,620000,'酒泉市'),(620901,620900,'市辖区'),(620902,620901,'肃州区'),(620921,620900,'金塔县'),(620922,620900,'瓜洲县'),(620923,620900,'肃北蒙古族自治县'),(620924,620900,'阿克塞哈萨克族自治县'),(620981,620900,'玉门市'),(620982,620900,'敦煌市'),(621000,620000,'庆阳市'),(621001,621000,'市辖区'),(621002,621001,'西峰区'),(621021,621000,'庆城县'),(621022,621000,'环县'),(621023,621000,'华池县'),(621024,621000,'合水县'),(621025,621000,'正宁县'),(621026,621000,'宁县'),(621027,621000,'镇原县'),(621100,620000,'定西市'),(621101,621100,'市辖区'),(621102,621101,'安定区'),(621121,621100,'通渭县'),(621122,621100,'陇西县'),(621123,621100,'渭源县'),(621124,621100,'临洮县'),(621125,621100,'漳县'),(621126,621100,'岷县'),(621200,620000,'陇南市'),(621201,621200,'武都区'),(621221,621200,'成县'),(621222,621200,'文县'),(621223,621200,'宕昌县'),(621224,621200,'康县'),(621225,621200,'西和县'),(621226,621200,'礼县'),(621227,621200,'徽县'),(621228,621200,'两当县'),(622900,620000,'临夏回族自治州'),(622901,622900,'临夏市'),(622921,622900,'临夏县'),(622922,622900,'康乐县'),(622923,622900,'永靖县'),(622924,622900,'广河县'),(622925,622900,'和政县'),(622926,622900,'东乡族自治县'),(622927,622900,'积石山保安族东乡族撒拉族自治县'),(623000,620000,'甘南藏族自治州'),(623001,623000,'合作市'),(623021,623000,'临潭县'),(623022,623000,'卓尼县'),(623023,623000,'舟曲县'),(623024,623000,'迭部县'),(623025,623000,'玛曲县'),(623026,623000,'碌曲县'),(623027,623000,'夏河县'),(630000,0,'青海省'),(630100,630000,'西宁市'),(630101,630100,'市辖区'),(630102,630101,'城东区'),(630103,630101,'城中区'),(630104,630101,'城西区'),(630105,630101,'城北区'),(630121,630100,'大通回族土族自治县'),(630122,630100,'湟中县'),(630123,630100,'湟源县'),(632100,630000,'海东市'),(632121,632100,'平安县'),(632122,632100,'民和回族土族自治县'),(632123,632100,'乐都区'),(632126,632100,'互助土族自治县'),(632127,632100,'化隆回族自治县'),(632128,632100,'循化撒拉族自治县'),(632200,630000,'海北藏族自治州'),(632221,632200,'门源回族自治县'),(632222,632200,'祁连县'),(632223,632200,'海晏县'),(632224,632200,'刚察县'),(632300,630000,'黄南藏族自治州'),(632321,632300,'同仁县'),(632322,632300,'尖扎县'),(632323,632300,'泽库县'),(632324,632300,'河南蒙古族自治县'),(632500,630000,'海南藏族自治州'),(632521,632500,'共和县'),(632522,632500,'同德县'),(632523,632500,'贵德县'),(632524,632500,'兴海县'),(632525,632500,'贵南县'),(632600,630000,'果洛藏族自治州'),(632621,632600,'玛沁县'),(632622,632600,'班玛县'),(632623,632600,'甘德县'),(632624,632600,'达日县'),(632625,632600,'久治县'),(632626,632600,'玛多县'),(632700,630000,'玉树藏族自治州'),(632721,632700,'玉树县'),(632722,632700,'杂多县'),(632723,632700,'称多县'),(632724,632700,'治多县'),(632725,632700,'囊谦县'),(632726,632700,'曲麻莱县'),(632800,630000,'海西蒙古族藏族自治州'),(632801,632800,'格尔木市'),(632802,632800,'德令哈市'),(632821,632800,'乌兰县'),(632822,632800,'都兰县'),(632823,632800,'天峻县'),(640000,0,'宁夏回族自治区'),(640100,640000,'银川市'),(640104,640100,'兴庆区'),(640105,640100,'西夏区'),(640106,640100,'金凤区'),(640121,640100,'永宁县'),(640122,640100,'贺兰县'),(640181,640100,'灵武市'),(640200,640000,'石嘴山市'),(640202,640200,'大武口区'),(640205,640200,'惠农县'),(640221,640200,'平罗县'),(640300,640000,'吴忠市'),(640301,640300,'红寺堡区'),(640302,640300,'利通区'),(640323,640300,'盐池县'),(640324,640300,'同心县'),(640381,640300,'青铜峡市'),(640400,640000,'固原市'),(640401,640400,'市辖区'),(640402,640400,'原州区'),(640422,640400,'西吉县'),(640423,640400,'隆德县'),(640424,640400,'泾源县'),(640425,640400,'彭阳县'),(640500,640000,'中卫市'),(640501,640500,'市辖区'),(640502,640500,'沙坡头区'),(640521,640500,'中宁县'),(640522,640500,'海原县'),(650000,0,'新疆维吾尔自治区'),(650100,650000,'乌鲁木齐市'),(650101,650100,'市辖区'),(650102,650101,'天山区'),(650103,650101,'沙依巴克区'),(650104,650101,'新市区'),(650105,650101,'水磨沟区'),(650106,650101,'头屯河区'),(650107,650101,'达坂城区'),(650108,650101,'东山区'),(650121,650100,'乌鲁木齐县'),(650200,650000,'克拉玛依市'),(650201,650200,'市辖区'),(650202,650201,'独山子区'),(650203,650201,'克拉玛依区'),(650204,650201,'白碱滩区'),(650205,650201,'乌尔禾区'),(652100,650000,'吐鲁番地区'),(652101,652100,'吐鲁番市'),(652122,652100,'鄯善县'),(652123,652100,'托克逊县'),(652200,650000,'哈密地区'),(652201,652200,'哈密市'),(652222,652200,'巴里坤哈萨克自治县'),(652223,652200,'伊吾县'),(652300,650000,'昌吉回族自治州'),(652301,652300,'昌吉市'),(652302,652300,'阜康市'),(652303,652300,'米泉市'),(652323,652300,'呼图壁县'),(652324,652300,'玛纳斯县'),(652325,652300,'奇台县'),(652327,652300,'吉木萨尔县'),(652328,652300,'木垒哈萨克自治县'),(652700,650000,'博尔塔拉蒙古自治州'),(652701,652700,'博乐市'),(652722,652700,'精河县'),(652723,652700,'温泉县'),(652800,650000,'巴音郭楞蒙古自治州'),(652801,652800,'库尔勒市'),(652822,652800,'轮台县'),(652823,652800,'尉犁县'),(652824,652800,'若羌县'),(652825,652800,'且末县'),(652826,652800,'焉耆回族自治县'),(652827,652800,'和静县'),(652828,652800,'和硕县'),(652829,652800,'博湖县'),(652900,650000,'阿克苏地区'),(652901,652900,'阿克苏市'),(652922,652900,'温宿县'),(652923,652900,'库车县'),(652924,652900,'沙雅县'),(652925,652900,'新和县'),(652926,652900,'拜城县'),(652927,652900,'乌什县'),(652928,652900,'阿瓦提县'),(652929,652900,'柯坪县'),(653000,650000,'克孜勒苏柯尔克孜自治州'),(653001,653000,'阿图什市'),(653022,653000,'阿克陶县'),(653023,653000,'阿合奇县'),(653024,653000,'乌恰县'),(653100,650000,'喀什地区'),(653101,653100,'喀什市'),(653121,653100,'疏附县'),(653122,653100,'疏勒县'),(653123,653100,'英吉沙县'),(653124,653100,'泽普县'),(653125,653100,'莎车县'),(653126,653100,'叶城县'),(653127,653100,'麦盖提县'),(653128,653100,'岳普湖县'),(653129,653100,'伽师县'),(653130,653100,'巴楚县'),(653131,653100,'塔什库尔干塔吉克自治县'),(653200,650000,'和田地区'),(653201,653200,'和田市'),(653221,653200,'和田县'),(653222,653200,'墨玉县'),(653223,653200,'皮山县'),(653224,653200,'洛浦县'),(653225,653200,'策勒县'),(653226,653200,'于田县'),(653227,653200,'民丰县'),(654000,650000,'伊犁哈萨克自治州'),(654002,654000,'伊宁市'),(654003,654000,'奎屯市'),(654021,654000,'伊宁县'),(654022,654000,'察布查尔锡伯自治县'),(654023,654000,'霍城县'),(654024,654000,'巩留县'),(654025,654000,'新源县'),(654026,654000,'昭苏县'),(654027,654000,'特克斯县'),(654028,654000,'尼勒克县'),(654200,650000,'塔城地区'),(654201,654200,'塔城市'),(654202,654200,'乌苏市'),(654221,654200,'额敏县'),(654223,654200,'沙湾县'),(654224,654200,'托里县'),(654225,654200,'裕民县'),(654226,654200,'和布克赛尔蒙古自治县'),(654300,650000,'阿勒泰地区'),(654301,654300,'阿勒泰市'),(654321,654300,'布尔津县'),(654322,654300,'富蕴县'),(654323,654300,'福海县'),(654324,654300,'哈巴河县'),(654325,654300,'青河县'),(654326,654300,'吉木乃县'),(659000,650000,'省直辖行政单位'),(659001,659000,'石河子市'),(659002,659000,'阿拉尔市'),(659003,659000,'图木舒克市'),(659004,659000,'五家渠市'),(990000,0,'新疆建设兵团'),(990100,990000,'第一师'),(990200,990000,'第二师'),(990300,990000,'第三师'),(990400,990000,'第四师'),(990500,990000,'第五师'),(990600,990000,'第六师'),(990700,990000,'第七师'),(990800,990000,'第八师'),(990900,990000,'第九师'),(991000,990000,'第十师'),(991100,990000,'建工师'),(991200,990000,'第十二师'),(991300,990000,'第十三师'),(991400,990000,'第十四师');
/*!40000 ALTER TABLE `dlv_area` ENABLE KEYS */;
UNLOCK TABLES;

--
-- Table structure for table `dlv_coverage`
--

DROP TABLE IF EXISTS `dlv_coverage`;
/*!40101 SET @saved_cs_client     = @@character_set_client */;
/*!40101 SET character_set_client = utf8 */;
CREATE TABLE `dlv_coverage` (
  `id` int(11) NOT NULL AUTO_INCREMENT,
  `name` varchar(20) DEFAULT NULL COMMENT '配送覆盖区域',
  `area_id` int(11) DEFAULT NULL,
  `lng` decimal(6,3) DEFAULT NULL,
  `lat` decimal(6,3) DEFAULT NULL,
  `radius` int(11) DEFAULT NULL,
  `address` varchar(100) DEFAULT NULL,
  `enabled` tinyint(4) DEFAULT NULL,
  PRIMARY KEY (`id`)
) ENGINE=InnoDB DEFAULT CHARSET=latin1;
/*!40101 SET character_set_client = @saved_cs_client */;

--
-- Dumping data for table `dlv_coverage`
--

LOCK TABLES `dlv_coverage` WRITE;
/*!40000 ALTER TABLE `dlv_coverage` DISABLE KEYS */;
/*!40000 ALTER TABLE `dlv_coverage` ENABLE KEYS */;
UNLOCK TABLES;

--
-- Table structure for table `dlv_partner_bind`
--

DROP TABLE IF EXISTS `dlv_partner_bind`;
/*!40101 SET @saved_cs_client     = @@character_set_client */;
/*!40101 SET character_set_client = utf8 */;
CREATE TABLE `dlv_partner_bind` (
  `id` int(11) NOT NULL,
  `partner_id` int(11) DEFAULT NULL,
  `coverage_id` int(11) DEFAULT NULL,
  `shop_id` int(11) DEFAULT NULL,
  `delivery_usr_id` int(11) DEFAULT NULL,
  `enabled` int(11) DEFAULT NULL,
  PRIMARY KEY (`id`)
) ENGINE=InnoDB DEFAULT CHARSET=latin1;
/*!40101 SET character_set_client = @saved_cs_client */;

--
-- Dumping data for table `dlv_partner_bind`
--

LOCK TABLES `dlv_partner_bind` WRITE;
/*!40000 ALTER TABLE `dlv_partner_bind` DISABLE KEYS */;
/*!40000 ALTER TABLE `dlv_partner_bind` ENABLE KEYS */;
UNLOCK TABLES;

--
-- Table structure for table `gs_category`
--

DROP TABLE IF EXISTS `gs_category`;
/*!40101 SET @saved_cs_client     = @@character_set_client */;
/*!40101 SET character_set_client = utf8 */;
CREATE TABLE `gs_category` (
  `id` int(11) NOT NULL AUTO_INCREMENT,
  `parent_id` int(11) DEFAULT NULL COMMENT '父分类',
  `partner_id` int(11) DEFAULT NULL COMMENT '商家ID(pattern ID);如果为空，则表示模式分类',
  `name` varchar(20) DEFAULT NULL,
  `url` varchar(120) DEFAULT NULL,
  `enabled` bit(1) DEFAULT NULL COMMENT '是否可用',
  `description` varchar(255) DEFAULT NULL COMMENT '描述',
  `order_index` int(11) DEFAULT '0' COMMENT '序号',
  `create_time` int(11) DEFAULT NULL COMMENT '创建时间',
  PRIMARY KEY (`id`)
) ENGINE=MyISAM AUTO_INCREMENT=20 DEFAULT CHARSET=utf8 COMMENT='food categories';
/*!40101 SET character_set_client = @saved_cs_client */;

--
-- Dumping data for table `gs_category`
--

LOCK TABLES `gs_category` WRITE;
/*!40000 ALTER TABLE `gs_category` DISABLE KEYS */;
INSERT INTO `gs_category` VALUES (13,0,101,'小炒',NULL,'','',0,2012),(14,0,101,'面食',NULL,'',NULL,0,2012),(15,0,101,'套餐',NULL,'','',0,2012),(16,0,101,'油炸',NULL,'',NULL,0,2012),(17,0,101,'海鲜',NULL,'',NULL,0,2012),(18,15,101,'营养套餐',NULL,'','',5,2012);
/*!40000 ALTER TABLE `gs_category` ENABLE KEYS */;
UNLOCK TABLES;

--
-- Table structure for table `gs_goods`
--

DROP TABLE IF EXISTS `gs_goods`;
/*!40101 SET @saved_cs_client     = @@character_set_client */;
/*!40101 SET character_set_client = utf8 */;
CREATE TABLE `gs_goods` (
  `id` int(11) NOT NULL AUTO_INCREMENT,
  `item_id` int(11) DEFAULT NULL,
  `is_present` tinyint(1) DEFAULT NULL COMMENT '是否为赠品\n',
  `sku_id` int(11) DEFAULT NULL,
  `prom_flag` int(11) DEFAULT NULL COMMENT '促销标志',
  `stock_num` int(11) DEFAULT NULL,
  `sale_num` int(11) DEFAULT NULL,
  PRIMARY KEY (`id`)
) ENGINE=InnoDB DEFAULT CHARSET=utf8;
/*!40101 SET character_set_client = @saved_cs_client */;

--
-- Dumping data for table `gs_goods`
--

LOCK TABLES `gs_goods` WRITE;
/*!40000 ALTER TABLE `gs_goods` DISABLE KEYS */;
/*!40000 ALTER TABLE `gs_goods` ENABLE KEYS */;
UNLOCK TABLES;

--
-- Table structure for table `gs_item`
--

DROP TABLE IF EXISTS `gs_item`;
/*!40101 SET @saved_cs_client     = @@character_set_client */;
/*!40101 SET character_set_client = utf8 */;
CREATE TABLE `gs_item` (
  `id` int(11) NOT NULL AUTO_INCREMENT,
  `category_id` int(11) DEFAULT NULL COMMENT '分类',
  `goods_no` varchar(45) DEFAULT NULL,
  `name` varchar(45) DEFAULT NULL,
  `small_title` varchar(100) DEFAULT NULL,
  `on_shelves` tinyint(4) DEFAULT NULL COMMENT '是否上架',
  `img` varchar(100) DEFAULT NULL,
  `cost` decimal(8,2) DEFAULT '0.00' COMMENT ' 成本价',
  `price` decimal(8,2) DEFAULT '0.00' COMMENT '售价(市场价)',
  `sale_price` decimal(8,2) DEFAULT NULL COMMENT '实际销售价',
  `apply_subs` varchar(200) DEFAULT NULL COMMENT '供应分店,用'',''隔开',
  `note` varchar(45) DEFAULT NULL COMMENT '备注，如新菜色，特价优惠等',
  `description` varchar(500) DEFAULT NULL,
  `state` int(11) DEFAULT '1',
  `create_time` int(11) DEFAULT NULL COMMENT '商品货号',
  `update_time` int(11) DEFAULT NULL,
  PRIMARY KEY (`id`)
) ENGINE=MyISAM AUTO_INCREMENT=31 DEFAULT CHARSET=utf8 COMMENT='食物项';
/*!40101 SET character_set_client = @saved_cs_client */;

--
-- Dumping data for table `gs_item`
--

LOCK TABLES `gs_item` WRITE;
/*!40000 ALTER TABLE `gs_item` DISABLE KEYS */;
INSERT INTO `gs_item` VALUES (1,18,'000001','韭黄炒蛋饭-2-2',NULL,1,'101/image/goods/goods.png',15.00,30.00,18.00,'1','1','2',1,1421419030,1421419030),(2,15,'000002','鱼香茄子饭','1',1,'101/image/goods/goods.png',15.00,30.00,18.00,'1,7,10,11',NULL,NULL,1,1421419031,1421419031),(3,15,'000003','尖椒回锅肉',NULL,1,'101/image/goods/goods.png',15.00,30.00,18.00,NULL,NULL,NULL,1,1421419032,1421419032),(4,15,'000004','香菇焖鸡饭',NULL,1,'101/image/goods/goods.png',15.00,30.00,18.00,NULL,NULL,NULL,1,1421419033,1421419033),(5,15,'000005','野山椒炒肉',NULL,1,'101/image/goods/goods.png',1.00,30.00,15.00,NULL,NULL,NULL,1,1421419034,1421419034),(6,15,'000006','极品红烧肉',NULL,1,'101/image/goods/goods.png',1.00,30.00,16.00,NULL,NULL,NULL,1,1421419035,1421419035),(7,15,'000007','花生猪手饭',NULL,1,'101/image/goods/goods.png',1.00,30.00,17.00,NULL,NULL,NULL,1,1421419036,1421419036),(8,15,'000008','红烧鱼腩饭',NULL,1,'101/image/goods/goods.png',1.00,30.00,18.00,NULL,NULL,NULL,1,1421419037,1421419037),(9,15,'000009','香卤鸡腿饭',NULL,1,'101/image/goods/goods.png',1.00,30.00,19.00,NULL,NULL,NULL,1,1421419038,1421419038),(10,15,'154934','酸甜排骨饭',NULL,1,'101/image/goods/goods.png',1.00,30.00,10.00,NULL,NULL,NULL,1,1421419039,1423894934),(29,18,'189600','营养套餐B',NULL,1,'101/image/goods/goods.png',10.00,30.00,18.00,'1,7,10',NULL,NULL,1,1421419058,1432019600),(28,18,'000028','营养套餐A','鸡蛋＋香肠双拼',1,'101/image/goods/goods.png',5.00,30.00,12.00,'1,7,10,11',NULL,'d',1,1421419057,1423030454);
/*!40000 ALTER TABLE `gs_item` ENABLE KEYS */;
UNLOCK TABLES;

--
-- Table structure for table `gs_item_tag`
--

DROP TABLE IF EXISTS `gs_item_tag`;
/*!40101 SET @saved_cs_client     = @@character_set_client */;
/*!40101 SET character_set_client = utf8 */;
CREATE TABLE `gs_item_tag` (
  `id` int(11) NOT NULL AUTO_INCREMENT,
  `item_id` int(11) DEFAULT NULL,
  `sale_tag_id` int(11) DEFAULT NULL,
  PRIMARY KEY (`id`)
) ENGINE=InnoDB AUTO_INCREMENT=66 DEFAULT CHARSET=utf8;
/*!40101 SET character_set_client = @saved_cs_client */;

--
-- Dumping data for table `gs_item_tag`
--

LOCK TABLES `gs_item_tag` WRITE;
/*!40000 ALTER TABLE `gs_item_tag` DISABLE KEYS */;
INSERT INTO `gs_item_tag` VALUES (18,9,2),(19,9,3),(20,9,5),(21,8,2),(22,8,3),(23,8,5),(24,7,2),(25,7,3),(26,7,5),(27,6,2),(28,6,3),(29,6,5),(30,5,2),(31,5,3),(32,5,5),(33,4,2),(34,4,3),(35,4,5),(36,3,2),(37,3,3),(38,3,5),(39,1,2),(40,1,3),(41,1,5),(42,2,2),(43,2,3),(44,2,5),(54,29,2),(55,29,3),(56,29,4),(57,29,5),(58,28,2),(59,28,3),(60,28,4),(61,28,5),(62,28,6),(63,10,2),(64,10,3),(65,10,5);
/*!40000 ALTER TABLE `gs_item_tag` ENABLE KEYS */;
UNLOCK TABLES;

--
-- Table structure for table `gs_member_price`
--

DROP TABLE IF EXISTS `gs_member_price`;
/*!40101 SET @saved_cs_client     = @@character_set_client */;
/*!40101 SET character_set_client = utf8 */;
CREATE TABLE `gs_member_price` (
  `id` int(11) NOT NULL AUTO_INCREMENT,
  `goods_id` int(11) DEFAULT NULL,
  `level` int(11) DEFAULT NULL,
  `price` decimal(8,2) DEFAULT NULL,
  `enabled` tinyint(1) DEFAULT NULL,
  PRIMARY KEY (`id`)
) ENGINE=InnoDB AUTO_INCREMENT=3 DEFAULT CHARSET=utf8;
/*!40101 SET character_set_client = @saved_cs_client */;

--
-- Dumping data for table `gs_member_price`
--

LOCK TABLES `gs_member_price` WRITE;
/*!40000 ALTER TABLE `gs_member_price` DISABLE KEYS */;
/*!40000 ALTER TABLE `gs_member_price` ENABLE KEYS */;
UNLOCK TABLES;

--
-- Table structure for table `gs_sale_tag`
--

DROP TABLE IF EXISTS `gs_sale_tag`;
/*!40101 SET @saved_cs_client     = @@character_set_client */;
/*!40101 SET character_set_client = utf8 */;
CREATE TABLE `gs_sale_tag` (
  `id` int(11) NOT NULL AUTO_INCREMENT,
  `partner_id` int(11) DEFAULT NULL,
  `tag_code` varchar(45) DEFAULT NULL,
  `tag_name` varchar(45) DEFAULT NULL,
  `goods_image` varchar(100) DEFAULT NULL,
  `enabled` tinyint(1) DEFAULT NULL,
  PRIMARY KEY (`id`)
) ENGINE=MyISAM AUTO_INCREMENT=7 DEFAULT CHARSET=utf8;
/*!40101 SET character_set_client = @saved_cs_client */;

--
-- Dumping data for table `gs_sale_tag`
--

LOCK TABLES `gs_sale_tag` WRITE;
/*!40000 ALTER TABLE `gs_sale_tag` DISABLE KEYS */;
INSERT INTO `gs_sale_tag` VALUES (1,102,'host-sales','热销商品',NULL,1),(2,101,'new-goods','新品上架',NULL,1),(3,101,'hot-sales','热销商品',NULL,1),(4,101,'special-goods','特色商品',NULL,1),(5,101,'prom-sales','优惠促销',NULL,1),(6,101,'clean-goods','尾品清仓',NULL,1);
/*!40000 ALTER TABLE `gs_sale_tag` ENABLE KEYS */;
UNLOCK TABLES;

--
-- Table structure for table `gs_snapshot`
--

DROP TABLE IF EXISTS `gs_snapshot`;
/*!40101 SET @saved_cs_client     = @@character_set_client */;
/*!40101 SET character_set_client = utf8 */;
CREATE TABLE `gs_snapshot` (
  `id` int(11) NOT NULL AUTO_INCREMENT,
  `snapshot_key` varchar(32) DEFAULT NULL,
  `item_id` int(11) DEFAULT NULL,
  `goods_id` int(11) DEFAULT NULL,
  `goods_no` varchar(45) DEFAULT NULL,
  `goods_name` varchar(45) DEFAULT NULL,
  `small_title` varchar(100) DEFAULT NULL,
  `category_name` varchar(45) DEFAULT NULL,
  `img` varchar(100) DEFAULT NULL,
  `cost` decimal(8,2) DEFAULT '0.00' COMMENT ' 成本价',
  `price` decimal(8,2) DEFAULT '0.00' COMMENT '售价(市场价)',
  `sale_price` decimal(8,2) DEFAULT NULL COMMENT '实际销售价',
  `create_time` int(11) DEFAULT NULL,
  PRIMARY KEY (`id`)
) ENGINE=MyISAM DEFAULT CHARSET=utf8 COMMENT='食物项';
/*!40101 SET character_set_client = @saved_cs_client */;

--
-- Dumping data for table `gs_snapshot`
--

LOCK TABLES `gs_snapshot` WRITE;
/*!40000 ALTER TABLE `gs_snapshot` DISABLE KEYS */;
/*!40000 ALTER TABLE `gs_snapshot` ENABLE KEYS */;
UNLOCK TABLES;

--
-- Table structure for table `mm_account`
--

DROP TABLE IF EXISTS `mm_account`;
/*!40101 SET @saved_cs_client     = @@character_set_client */;
/*!40101 SET character_set_client = utf8 */;
CREATE TABLE `mm_account` (
  `member_id` int(11) NOT NULL,
  `integral` int(11) DEFAULT '0',
  `balance` float(8,2) DEFAULT NULL,
  `present_balance` float(8,2) DEFAULT NULL,
  `total_fee` float(8,2) DEFAULT NULL,
  `total_charge` float(8,2) DEFAULT NULL,
  `total_pay` float(8,2) DEFAULT NULL,
  `update_time` int(11) DEFAULT NULL COMMENT '积分',
  PRIMARY KEY (`member_id`)
) ENGINE=InnoDB DEFAULT CHARSET=utf8;
/*!40101 SET character_set_client = @saved_cs_client */;

--
-- Dumping data for table `mm_account`
--

LOCK TABLES `mm_account` WRITE;
/*!40000 ALTER TABLE `mm_account` DISABLE KEYS */;
INSERT INTO `mm_account` VALUES (1,65660,11.42,597.28,7477.42,0.00,7376.60,1431484474),(2,0,2.50,NULL,2.50,0.00,0.00,2013),(28,360,2.79,2.88,38.79,0.00,54.00,1421419030),(29,0,4.14,NULL,4.14,0.00,36.00,2012),(30,0,2.70,NULL,2.70,0.00,27.00,2012),(31,0,0.00,NULL,0.00,0.00,0.00,2012),(32,0,0.00,NULL,0.00,0.00,0.00,2012),(33,0,0.00,NULL,0.00,0.00,0.00,2012),(34,0,0.00,NULL,0.00,0.00,0.00,2013),(35,0,0.00,NULL,0.00,0.00,0.00,2013),(36,0,0.00,NULL,0.00,0.00,0.00,2013),(37,0,0.00,NULL,0.00,0.00,0.00,2013),(38,0,1.00,NULL,1.00,0.00,10.00,2013),(39,0,2.00,NULL,2.00,0.00,20.00,2013),(40,0,3.80,NULL,3.80,0.00,38.00,2013),(41,0,0.00,NULL,0.00,0.00,0.00,2013);
/*!40000 ALTER TABLE `mm_account` ENABLE KEYS */;
UNLOCK TABLES;

--
-- Table structure for table `mm_bank`
--

DROP TABLE IF EXISTS `mm_bank`;
/*!40101 SET @saved_cs_client     = @@character_set_client */;
/*!40101 SET character_set_client = utf8 */;
CREATE TABLE `mm_bank` (
  `member_id` int(11) NOT NULL,
  `name` varchar(45) DEFAULT NULL COMMENT '银行名称',
  `account` varchar(45) DEFAULT NULL COMMENT '银行账号',
  `account_name` varchar(45) DEFAULT NULL COMMENT '银行户名',
  `network` varchar(45) DEFAULT NULL COMMENT '银行网点',
  `state` int(11) DEFAULT NULL,
  `update_time` int(11) DEFAULT NULL,
  PRIMARY KEY (`member_id`)
) ENGINE=InnoDB DEFAULT CHARSET=utf8;
/*!40101 SET character_set_client = @saved_cs_client */;

--
-- Dumping data for table `mm_bank`
--

LOCK TABLES `mm_bank` WRITE;
/*!40000 ALTER TABLE `mm_bank` DISABLE KEYS */;
INSERT INTO `mm_bank` VALUES (1,'中国工商银行','513701198801105317','张三 ','上海分行漕溪路支行 ',0,2012),(28,'中国邮政储蓄银行','123486855651',NULL,NULL,1,2012),(29,NULL,NULL,NULL,NULL,1,0),(30,NULL,NULL,NULL,NULL,1,0),(31,NULL,NULL,NULL,NULL,1,0),(32,NULL,NULL,NULL,NULL,1,0),(33,NULL,NULL,NULL,NULL,1,0),(34,NULL,NULL,NULL,NULL,1,0),(35,NULL,NULL,NULL,NULL,1,0);
/*!40000 ALTER TABLE `mm_bank` ENABLE KEYS */;
UNLOCK TABLES;

--
-- Table structure for table `mm_deliver_addr`
--

DROP TABLE IF EXISTS `mm_deliver_addr`;
/*!40101 SET @saved_cs_client     = @@character_set_client */;
/*!40101 SET character_set_client = utf8 */;
CREATE TABLE `mm_deliver_addr` (
  `id` int(11) NOT NULL AUTO_INCREMENT,
  `member_id` int(11) DEFAULT NULL,
  `real_name` varchar(10) DEFAULT NULL,
  `phone` varchar(11) DEFAULT NULL,
  `address` varchar(100) DEFAULT NULL,
  `is_default` tinyint(1) DEFAULT NULL,
  PRIMARY KEY (`id`)
) ENGINE=MyISAM AUTO_INCREMENT=8 DEFAULT CHARSET=utf8;
/*!40101 SET character_set_client = @saved_cs_client */;

--
-- Dumping data for table `mm_deliver_addr`
--

LOCK TABLES `mm_deliver_addr` WRITE;
/*!40000 ALTER TABLE `mm_deliver_addr` DISABLE KEYS */;
INSERT INTO `mm_deliver_addr` VALUES (1,1,'刘铭','18616999822','上海市',0),(2,27,'刘铭','18616999822','上海市',NULL),(4,28,'刘大爷','18616999822','佛山市',0),(5,1,'谢环子','18867889090','上海市徐汇区三江路23号西雅图小区1902室',0),(6,1,'诸葛亮','18888888855','佛山市禅城区祖庙路23号',0),(7,29,'刘家锐','18616999822','佛山市汾江中路20号',0);
/*!40000 ALTER TABLE `mm_deliver_addr` ENABLE KEYS */;
UNLOCK TABLES;

--
-- Table structure for table `mm_income_log`
--

DROP TABLE IF EXISTS `mm_income_log`;
/*!40101 SET @saved_cs_client     = @@character_set_client */;
/*!40101 SET character_set_client = utf8 */;
CREATE TABLE `mm_income_log` (
  `id` int(11) NOT NULL AUTO_INCREMENT,
  `order_id` int(11) DEFAULT NULL,
  `member_id` int(11) DEFAULT NULL,
  `type` varchar(10) DEFAULT NULL,
  `fee` float(6,2) DEFAULT NULL,
  `log` varchar(100) DEFAULT NULL,
  `record_time` int(11) DEFAULT NULL,
  `state` int(11) DEFAULT NULL COMMENT '状态(如：无效），默认为1',
  PRIMARY KEY (`id`)
) ENGINE=InnoDB AUTO_INCREMENT=151 DEFAULT CHARSET=utf8 COMMENT='进账日志';
/*!40101 SET character_set_client = @saved_cs_client */;

--
-- Dumping data for table `mm_income_log`
--

LOCK TABLES `mm_income_log` WRITE;
/*!40000 ALTER TABLE `mm_income_log` DISABLE KEYS */;
INSERT INTO `mm_income_log` VALUES (8,NULL,28,'backcash',0.27,'来自订单:20120924-9603(商家:万绿园,会员:sumian)收入￥0.27元.',2012,NULL),(9,NULL,1,'backcash',7.40,'订单:20130308-2932返现￥7.4元',2013,NULL),(10,NULL,38,'backcash',1.00,'订单:20130307-5447返现￥1.0元',2013,NULL),(11,NULL,2,'backcash',0.20,'来自订单:20130307-5447(商家:蚁族,会员:yuan)收入￥0.2元.',2013,NULL),(12,NULL,39,'backcash',2.00,'订单:20130311-9708返现￥2.0元',2013,NULL),(13,NULL,2,'backcash',0.40,'来自订单:20130311-9708(商家:蚁族,会员:yuanyuan)收入￥0.4元.',2013,NULL),(14,NULL,40,'backcash',0.90,'订单:20130331-4922返现￥0.9元',2013,NULL),(15,NULL,2,'backcash',0.18,'来自订单:20130331-4922(商家:蚁族,会员:13924886758)收入￥0.18元.',2013,NULL),(16,NULL,40,'backcash',2.90,'订单:20130401-2503返现￥2.9元',2013,NULL),(17,NULL,2,'backcash',0.58,'来自订单:20130401-2503(商家:蚁族,会员:13924886758)收入￥0.58元.',2013,NULL),(18,NULL,1,'backcash',4.80,'订单:20130401-2503(商家:蚁族)返现￥4.80元',2014,1),(19,NULL,1,'backcash',1.20,'订单:20130401-2503(商家:蚁族,会员:刘铭)收入￥%!s(float32=1.2)元',2014,1),(20,NULL,1,'backcash',0.60,'订单:20130401-2503(商家:蚁族,会员:刘铭)收入￥%!s(float32=0.6)元',2014,1),(21,NULL,1,'backcash',4.80,'订单:20130401-7643(商家:蚁族)返现￥4.80元',2014,1),(22,NULL,1,'backcash',1.20,'订单:20130401-7643(商家:蚁族,会员:刘铭)收入￥1.20元',2014,1),(23,NULL,1,'backcash',0.60,'订单:20130401-7643(商家:蚁族,会员:刘铭)收入￥0.60元',2014,1),(24,NULL,1,'backcash',4.80,'订单:20130401-5283(商家:蚁族)返现￥4.80元',2014,1),(25,NULL,1,'backcash',1.20,'订单:20130401-5283(商家:蚁族,会员:刘铭)收入￥1.20元',2014,1),(26,NULL,1,'backcash',0.60,'订单:20130401-5283(商家:蚁族,会员:刘铭)收入￥0.60元',2014,1),(27,NULL,1,'backcash',4.80,'订单:20130401-8432(商家:蚁族)返现￥4.80元',2014,1),(28,NULL,1,'backcash',1.20,'订单:20130401-8432(商家:蚁族,会员:刘铭)收入￥1.20元',2014,1),(29,NULL,1,'backcash',0.60,'订单:20130401-8432(商家:蚁族,会员:刘铭)收入￥0.60元',2014,1),(30,NULL,1,'backcash',4.80,'订单:20130331-4998(商家:蚁族)返现￥4.80元',2014,1),(31,NULL,1,'backcash',1.20,'订单:20130331-4998(商家:蚁族,会员:刘铭)收入￥1.20元',2014,1),(32,NULL,1,'backcash',0.60,'订单:20130331-4998(商家:蚁族,会员:刘铭)收入￥0.60元',2014,1),(33,NULL,1,'backcash',4.80,'订单:20130331-2185(商家:蚁族)返现￥4.80元',2014,1),(34,NULL,1,'backcash',1.20,'订单:20130331-2185(商家:蚁族,会员:刘铭)收入￥1.20元',2014,1),(35,NULL,1,'backcash',0.60,'订单:20130331-2185(商家:蚁族,会员:刘铭)收入￥0.60元',2014,1),(36,NULL,1,'backcash',4.80,'订单:20130401-4602(商家:蚁族)返现￥4.80元',2014,1),(37,NULL,1,'backcash',1.20,'订单:20130401-4602(商家:蚁族,会员:刘铭)收入￥1.20元',2014,1),(38,NULL,1,'backcash',0.60,'订单:20130401-4602(商家:蚁族,会员:刘铭)收入￥0.60元',2014,1),(39,NULL,1,'backcash',4.80,'订单:20130331-4922(商家:蚁族)返现￥4.80元',2014,1),(40,NULL,1,'backcash',1.20,'订单:20130331-4922(商家:蚁族,会员:刘铭)收入￥1.20元',2014,1),(41,NULL,1,'backcash',0.60,'订单:20130331-4922(商家:蚁族,会员:刘铭)收入￥0.60元',2014,1),(42,NULL,1,'backcash',4.80,'订单:20130315-1432(商家:蚁族)返现￥4.80元',2014,1),(43,NULL,1,'backcash',1.20,'订单:20130315-1432(商家:蚁族,会员:刘铭)收入￥1.20元',2014,1),(44,NULL,1,'backcash',0.60,'订单:20130315-1432(商家:蚁族,会员:刘铭)收入￥0.60元',2014,1),(45,NULL,1,'backcash',4.80,'订单:20130311-9708(商家:蚁族)返现￥4.80元',2014,1),(46,NULL,1,'backcash',1.20,'订单:20130311-9708(商家:蚁族,会员:刘铭)收入￥1.20元',2014,1),(47,NULL,1,'backcash',0.60,'订单:20130311-9708(商家:蚁族,会员:刘铭)收入￥0.60元',2014,1),(48,NULL,1,'backcash',4.80,'订单:20130308-2932(商家:蚁族)返现￥4.80元',2014,1),(49,NULL,1,'backcash',1.20,'订单:20130308-2932(商家:蚁族,会员:刘铭)收入￥1.20元',2014,1),(54,129,1,'backcash',4.80,'订单:20130203-1190(商家:美味道)返现￥4.80元',2014,1),(55,127,1,'backcash',4.80,'订单:20130115-7948(商家:美味道)返现￥4.80元',2014,1),(58,153,1,'backcash',4.40,'订单:689182668(商家:美味道)返现￥4.40元',2014,1),(59,0,1,'backcash',1.10,'订单:689182668(商家:美味道,会员:刘铭)收入￥1.10元',2014,1),(60,0,1,'backcash',0.55,'订单:689182668(商家:美味道,会员:刘铭)收入￥0.55元',2014,1),(61,154,1,'backcash',1.44,'订单:685815333(商家:美味道)返现￥1.44元',2014,1),(62,0,1,'backcash',0.36,'订单:685815333(商家:美味道,会员:刘铭)收入￥0.36元',2014,1),(63,0,1,'backcash',0.18,'订单:685815333(商家:美味道,会员:刘铭)收入￥0.18元',2014,1),(64,152,1,'backcash',2.88,'订单:684452597(商家:美味道)返现￥2.88元',2014,1),(65,0,1,'backcash',0.72,'订单:684452597(商家:美味道,会员:刘铭)收入￥0.72元',2014,1),(66,0,1,'backcash',0.36,'订单:684452597(商家:美味道,会员:刘铭)收入￥0.36元',2014,1),(67,181,1,'backcash',10.08,'订单:688664284(商家:美味道)返现￥10.08元',2014,1),(68,181,1,'backcash',10.08,'订单:688664284(商家:美味道)返现￥10.08元',2014,1),(69,181,1,'backcash',10.08,'订单:688664284(商家:美味道)返现￥10.08元',2014,1),(70,181,1,'backcash',10.08,'订单:688664284(商家:美味道)返现￥10.08元',2014,1),(71,181,1,'backcash',10.08,'订单:688664284(商家:美味道)返现￥10.08元',2014,1),(72,181,1,'backcash',10.08,'订单:688664284(商家:美味道)返现￥10.08元',2014,1),(73,181,1,'backcash',10.08,'订单:688664284(商家:美味道)返现￥10.08元',2014,1),(74,180,1,'backcash',4.32,'订单:687153988(商家:美味道)返现￥4.32元',2014,1),(75,179,1,'backcash',2.88,'订单:681645404(商家:美味道)返现￥2.88元',2014,1),(76,177,1,'backcash',2.88,'订单:687025732(商家:美味道)返现￥2.88元',2014,1),(77,183,28,'backcash',1.44,'订单:689469831(商家:美味道)返现￥1.44元',2014,1),(78,184,1,'backcash',1.44,'订单:689205996(商家:美味道)返现￥1.44元',2014,1),(79,182,1,'backcash',2.88,'订单:684148199(商家:美味道)返现￥2.88元',2014,1),(80,178,1,'backcash',2.88,'订单:683878066(商家:美味道)返现￥2.88元',2014,1),(81,176,1,'backcash',2.88,'订单:681710378(商家:美味道)返现￥2.88元',2014,1),(82,175,1,'backcash',2.88,'订单:681009722(商家:美味道)返现￥2.88元',2014,1),(83,174,1,'backcash',2.88,'订单:682466077(商家:美味汇)返现￥2.88元',NULL,1),(84,173,1,'backcash',2.88,'订单:684691894(商家:美味汇)返现￥2.88元',NULL,1),(85,171,1,'backcash',2.88,'订单:689760500(商家:美味汇)返现￥2.88元',NULL,1),(86,172,1,'backcash',2.88,'订单:687956073(商家:美味汇)返现￥2.88元',NULL,1),(87,170,1,'backcash',1.44,'订单:681554163(商家:美味汇)返现￥1.44元',NULL,1),(88,167,1,'backcash',2.88,'订单:689386565(商家:美味汇)返现￥2.88元',NULL,1),(89,164,1,'backcash',1.44,'订单:683135658(商家:美味汇)返现￥1.44元',NULL,1),(90,190,1,'backcash',2.88,'订单:685994267(商家:美味汇)返现￥2.88元',2015,1),(91,190,1,'backcash',2.88,'订单:685994267(商家:美味汇)返现￥2.88元',1421414462,1),(92,151,1,'backcash',2.88,'订单:686267421(商家:美味汇)返现￥2.88元',1421419029,1),(93,152,1,'backcash',2.88,'订单:684452597(商家:美味汇)返现￥2.88元',1421419029,1),(94,153,1,'backcash',4.40,'订单:689182668(商家:美味汇)返现￥4.40元',1421419029,1),(95,154,1,'backcash',1.44,'订单:685815333(商家:美味汇)返现￥1.44元',1421419029,1),(96,164,1,'backcash',1.44,'订单:683135658(商家:美味汇)返现￥1.44元',1421419029,1),(97,165,1,'backcash',1.44,'订单:689424176(商家:美味汇)返现￥1.44元',1421419029,1),(98,166,1,'backcash',2.88,'订单:682964508(商家:美味汇)返现￥2.88元',1421419029,1),(99,167,1,'backcash',2.88,'订单:689386565(商家:美味汇)返现￥2.88元',1421419030,1),(100,170,1,'backcash',1.44,'订单:681554163(商家:美味汇)返现￥1.44元',1421419030,1),(101,171,1,'backcash',2.88,'订单:689760500(商家:美味汇)返现￥2.88元',1421419030,1),(102,172,1,'backcash',2.88,'订单:687956073(商家:美味汇)返现￥2.88元',1421419030,1),(103,173,1,'backcash',2.88,'订单:684691894(商家:美味汇)返现￥2.88元',1421419030,1),(104,174,1,'backcash',2.88,'订单:682466077(商家:美味汇)返现￥2.88元',1421419030,1),(105,175,1,'backcash',2.88,'订单:681009722(商家:美味汇)返现￥2.88元',1421419030,1),(106,176,1,'backcash',2.88,'订单:681710378(商家:美味汇)返现￥2.88元',1421419030,1),(107,177,1,'backcash',2.88,'订单:687025732(商家:美味汇)返现￥2.88元',1421419030,1),(108,178,1,'backcash',2.88,'订单:683878066(商家:美味汇)返现￥2.88元',1421419030,1),(109,179,1,'backcash',2.88,'订单:681645404(商家:美味汇)返现￥2.88元',1421419030,1),(110,180,1,'backcash',4.32,'订单:687153988(商家:美味汇)返现￥4.32元',1421419030,1),(111,181,1,'backcash',10.08,'订单:688664284(商家:美味汇)返现￥10.08元',1421419030,1),(112,182,1,'backcash',2.88,'订单:684148199(商家:美味汇)返现￥2.88元',1421419030,1),(113,183,28,'backcash',1.44,'订单:689469831(商家:美味汇)返现￥1.44元',1421419030,1),(114,184,1,'backcash',1.44,'订单:689205996(商家:美味汇)返现￥1.44元',1421419031,1),(115,191,1,'backcash',1.44,'订单:683249100(商家:美味汇)返现￥1.44元',1421419079,1),(116,155,1,'backcash',1.44,'订单:689681862(商家:美味汇)返现￥1.44元',1421419138,1),(117,156,1,'backcash',3.12,'订单:686862923(商家:美味汇)返现￥3.12元',1421419138,1),(118,157,1,'backcash',2.88,'订单:687643214(商家:美味汇)返现￥2.88元',1421419138,1),(119,158,1,'backcash',2.88,'订单:687137477(商家:美味汇)返现￥2.88元',1421419138,1),(120,159,1,'backcash',4.32,'订单:686200508(商家:美味汇)返现￥4.32元',1421419138,1),(121,160,1,'backcash',1.44,'订单:682658763(商家:美味汇)返现￥1.44元',1421419138,1),(122,161,1,'backcash',1.44,'订单:688563456(商家:美味汇)返现￥1.44元',1421419139,1),(123,162,1,'backcash',1.44,'订单:686432330(商家:美味汇)返现￥1.44元',1421419139,1),(124,163,1,'backcash',1.44,'订单:682539015(商家:美味汇)返现￥1.44元',1421419139,1),(125,185,1,'backcash',4.32,'订单:683958933(商家:美味汇)返现￥4.32元',1421419139,1),(126,186,1,'backcash',4.32,'订单:686018039(商家:美味汇)返现￥4.32元',1421419139,1),(127,187,1,'backcash',2.88,'订单:681426294(商家:美味汇)返现￥2.88元',1421419139,1),(128,188,1,'backcash',4.40,'订单:686396270(商家:美味汇)返现￥4.40元',1421419139,1),(129,189,1,'backcash',4.32,'订单:686660811(商家:美味汇)返现￥4.32元',1421419139,1),(130,192,1,'backcash',2.88,'订单:681879385(商家:美味汇)返现￥2.88元',1421419139,1),(131,193,1,'backcash',2.88,'订单:684439119(商家:美味汇)返现￥2.88元',1421419139,1),(132,194,1,'backcash',1.44,'订单:682733252(商家:美味汇)返现￥1.44元',1421419139,1),(133,195,1,'backcash',2.88,'订单:687082275(商家:美味汇)返现￥2.88元',1421419139,1),(134,196,1,'backcash',2.88,'订单:681830704(商家:美味汇)返现￥2.88元',1421419139,1),(135,197,1,'backcash',2.88,'订单:689460669(商家:美味汇)返现￥2.88元',1421419139,1),(136,198,1,'backcash',4.32,'订单:689127006(商家:美味汇)返现￥4.32元',1421419139,1),(137,199,1,'backcash',4.32,'订单:681246014(商家:美味汇)返现￥4.32元',1421419139,1),(138,200,1,'backcash',2.88,'订单:687298508(商家:美味汇)返现￥2.88元',1421419139,1),(139,201,1,'backcash',2.96,'订单:683810426(商家:美味汇)返现￥2.96元',1421419139,1),(140,202,1,'backcash',2.88,'订单:687535196(商家:美味汇)返现￥2.88元',1421419139,1),(141,203,1,'backcash',1.44,'订单:688886497(商家:美味汇)返现￥1.44元',1422947630,1),(142,204,1,'backcash',1.44,'订单:686076719(商家:美味汇)返现￥1.44元',1422947691,1),(143,205,1,'backcash',52.00,'订单:681656585(商家:美味汇)返现￥52.00元',1423445747,1),(144,206,1,'backcash',56.40,'订单:686262415(商家:美味汇)返现￥56.40元',1423445836,1),(145,207,1,'backcash',56.40,'订单:688714535(商家:美味汇)返现￥56.40元',1423445836,1),(146,208,1,'backcash',66.48,'订单:685733757(商家:美味汇)返现￥66.48元',1423445836,1),(147,209,1,'backcash',2.88,'订单:681884165(商家:美味汇)返现￥2.88元',1423445836,1),(148,210,1,'backcash',5.76,'订单:687693160(商家:美味汇)返现￥5.76元',1423534209,1),(149,216,1,'backcash',4.48,'订单:689966046(商家:美味汇)返现￥4.48元',1423713206,1),(150,233,1,'backcash',1.44,'订单:112925142(商家:美味汇)返现￥1.44元',1431484474,1);
/*!40000 ALTER TABLE `mm_income_log` ENABLE KEYS */;
UNLOCK TABLES;

--
-- Table structure for table `mm_integral_log`
--

DROP TABLE IF EXISTS `mm_integral_log`;
/*!40101 SET @saved_cs_client     = @@character_set_client */;
/*!40101 SET character_set_client = utf8 */;
CREATE TABLE `mm_integral_log` (
  `id` int(11) NOT NULL AUTO_INCREMENT,
  `partner_id` int(11) DEFAULT NULL,
  `member_id` int(11) DEFAULT NULL,
  `type` int(11) DEFAULT NULL,
  `integral` int(11) DEFAULT NULL,
  `log` varchar(100) DEFAULT NULL,
  `record_time` int(11) DEFAULT NULL,
  PRIMARY KEY (`id`)
) ENGINE=InnoDB AUTO_INCREMENT=89 DEFAULT CHARSET=utf8;
/*!40101 SET character_set_client = @saved_cs_client */;

--
-- Dumping data for table `mm_integral_log`
--

LOCK TABLES `mm_integral_log` WRITE;
/*!40000 ALTER TABLE `mm_integral_log` DISABLE KEYS */;
INSERT INTO `mm_integral_log` VALUES (1,101,1,3,600,'订单返积分600个',2014),(2,101,1,3,550,'订单返积分550个',2014),(3,101,1,3,180,'订单返积分180个',2014),(4,101,1,3,360,'订单返积分360个',2014),(5,101,1,3,1260,'订单返积分1260个',2014),(6,101,1,3,1260,'订单返积分1260个',2014),(7,101,1,3,1260,'订单返积分1260个',2014),(8,101,1,3,1260,'订单返积分1260个',2014),(9,101,1,3,1260,'订单返积分1260个',2014),(10,101,1,3,1260,'订单返积分1260个',2014),(11,101,1,3,1260,'订单返积分1260个',2014),(12,101,1,3,540,'订单返积分540个',2014),(13,101,1,3,360,'订单返积分360个',2014),(14,101,1,3,360,'订单返积分360个',2014),(15,101,28,3,180,'订单返积分180个',2014),(16,101,1,3,180,'订单返积分180个',2014),(17,101,1,3,360,'订单返积分360个',2014),(18,101,1,3,360,'订单返积分360个',2014),(19,101,1,3,360,'订单返积分360个',2014),(20,101,1,3,360,'订单返积分360个',2014),(21,101,1,3,360,'订单返积分360个',NULL),(22,101,1,3,360,'订单返积分360个',NULL),(23,101,1,3,360,'订单返积分360个',NULL),(24,101,1,3,360,'订单返积分360个',NULL),(25,101,1,3,180,'订单返积分180个',NULL),(26,101,1,3,360,'订单返积分360个',NULL),(27,101,1,3,180,'订单返积分180个',NULL),(28,101,1,3,360,'订单返积分360个',2015),(29,101,1,3,360,'订单返积分360个',1421414462),(30,101,1,3,360,'订单返积分360个',1421419029),(31,101,1,3,360,'订单返积分360个',1421419029),(32,101,1,3,550,'订单返积分550个',1421419029),(33,101,1,3,180,'订单返积分180个',1421419029),(34,101,1,3,180,'订单返积分180个',1421419029),(35,101,1,3,180,'订单返积分180个',1421419029),(36,101,1,3,360,'订单返积分360个',1421419029),(37,101,1,3,360,'订单返积分360个',1421419030),(38,101,1,3,180,'订单返积分180个',1421419030),(39,101,1,3,360,'订单返积分360个',1421419030),(40,101,1,3,360,'订单返积分360个',1421419030),(41,101,1,3,360,'订单返积分360个',1421419030),(42,101,1,3,360,'订单返积分360个',1421419030),(43,101,1,3,360,'订单返积分360个',1421419030),(44,101,1,3,360,'订单返积分360个',1421419030),(45,101,1,3,360,'订单返积分360个',1421419030),(46,101,1,3,360,'订单返积分360个',1421419030),(47,101,1,3,360,'订单返积分360个',1421419030),(48,101,1,3,540,'订单返积分540个',1421419030),(49,101,1,3,1260,'订单返积分1260个',1421419030),(50,101,1,3,360,'订单返积分360个',1421419030),(51,101,28,3,180,'订单返积分180个',1421419031),(52,101,1,3,180,'订单返积分180个',1421419031),(53,101,1,3,180,'订单返积分180个',1421419080),(54,101,1,3,180,'订单返积分180个',1421419138),(55,101,1,3,390,'订单返积分390个',1421419138),(56,101,1,3,360,'订单返积分360个',1421419138),(57,101,1,3,360,'订单返积分360个',1421419138),(58,101,1,3,540,'订单返积分540个',1421419138),(59,101,1,3,180,'订单返积分180个',1421419138),(60,101,1,3,180,'订单返积分180个',1421419139),(61,101,1,3,180,'订单返积分180个',1421419139),(62,101,1,3,180,'订单返积分180个',1421419139),(63,101,1,3,540,'订单返积分540个',1421419139),(64,101,1,3,540,'订单返积分540个',1421419139),(65,101,1,3,360,'订单返积分360个',1421419139),(66,101,1,3,550,'订单返积分550个',1421419139),(67,101,1,3,540,'订单返积分540个',1421419139),(68,101,1,3,360,'订单返积分360个',1421419139),(69,101,1,3,360,'订单返积分360个',1421419139),(70,101,1,3,180,'订单返积分180个',1421419139),(71,101,1,3,360,'订单返积分360个',1421419139),(72,101,1,3,360,'订单返积分360个',1421419139),(73,101,1,3,360,'订单返积分360个',1421419139),(74,101,1,3,540,'订单返积分540个',1421419139),(75,101,1,3,540,'订单返积分540个',1421419139),(76,101,1,3,360,'订单返积分360个',1421419139),(77,101,1,3,370,'订单返积分370个',1421419139),(78,101,1,3,360,'订单返积分360个',1421419140),(79,101,1,3,180,'订单返积分180个',1422947630),(80,101,1,3,180,'订单返积分180个',1422947691),(81,101,1,3,6500,'订单返积分6500个',1423445747),(82,101,1,3,7050,'订单返积分7050个',1423445836),(83,101,1,3,7050,'订单返积分7050个',1423445836),(84,101,1,3,8310,'订单返积分8310个',1423445836),(85,101,1,3,360,'订单返积分360个',1423445836),(86,101,1,3,720,'订单返积分720个',1423534209),(87,101,1,3,560,'订单返积分560个',1423713206),(88,101,1,3,180,'订单返积分180个',1431484474);
/*!40000 ALTER TABLE `mm_integral_log` ENABLE KEYS */;
UNLOCK TABLES;

--
-- Table structure for table `mm_member`
--

DROP TABLE IF EXISTS `mm_member`;
/*!40101 SET @saved_cs_client     = @@character_set_client */;
/*!40101 SET character_set_client = utf8 */;
CREATE TABLE `mm_member` (
  `id` int(11) NOT NULL AUTO_INCREMENT,
  `usr` varchar(20) DEFAULT NULL COMMENT '用户名',
  `pwd` varchar(32) DEFAULT NULL COMMENT '密码',
  `name` varchar(20) DEFAULT NULL COMMENT '名字',
  `exp` int(11) unsigned DEFAULT '0',
  `level` int(11) DEFAULT '1',
  `invitation_code` varchar(10) DEFAULT NULL COMMENT '邀请码',
  `sex` int(1) DEFAULT NULL COMMENT '性别(0: 未知,1:男,2：女)',
  `avatar` varchar(80) DEFAULT NULL,
  `birthday` varchar(20) DEFAULT NULL,
  `phone` varchar(15) DEFAULT NULL,
  `address` varchar(100) DEFAULT NULL COMMENT '收货地址',
  `qq` varchar(15) DEFAULT NULL,
  `email` varchar(50) DEFAULT NULL,
  `reg_ip` varchar(20) DEFAULT NULL,
  `reg_from` varchar(20) DEFAULT NULL,
  `reg_time` int(11) DEFAULT NULL,
  `last_login_time` int(11) DEFAULT NULL COMMENT '最后登录时间',
  `state` int(1) DEFAULT '1',
  PRIMARY KEY (`id`)
) ENGINE=MyISAM AUTO_INCREMENT=36 DEFAULT CHARSET=utf8;
/*!40101 SET character_set_client = @saved_cs_client */;

--
-- Dumping data for table `mm_member`
--

LOCK TABLES `mm_member` WRITE;
/*!40000 ALTER TABLE `mm_member` DISABLE KEYS */;
INSERT INTO `mm_member` VALUES (1,'newmin','299cfb04ac15bcb36009f67270d7e302','刘铭',8161,5,NULL,1,'','2012-09-05','18616999822','上海市徐汇区江安路15号1','18867761','q121276@26.com','112.65.35.191',NULL,2012,1433592859,1),(2,'lin','5c37d8c108c0f1dbcdb75e9090d7877a','林德意',0,1,NULL,0,'','1970.05。29','13924886758','佛山禅城人民路99号',NULL,NULL,'61.145.69.27',NULL,2012,2012,1),(3,'hshx','04dfafbaa77f39f7baeae545e672173d','黄升鑫',0,1,NULL,0,'','1979-12-01','15602817110','广东省佛山市禅城区人民路鹤园路81号','809987822','809987822@qq.com','27.36.72.124',NULL,2012,1,1),(4,'lindeyi','3125b0ba32ec1938bf666254b0b98ea2','林德意',0,1,NULL,0,'','1970-05-29','13924886758','佛山市禅城区人民路99号','569101942','lindeyi158@yahoo.com.cn','183.27.197.170',NULL,2012,1,1),(5,'sumian','f573300c92332b119412ff20c637f12c','',0,1,NULL,0,'','','13924886758','福建省海天大夏二栋201','','','14.157.18.39',NULL,2012,1,1),(6,'linsu','33738453ed0a710bf9f7fdabdd85747b','',0,1,NULL,0,'','','13924886758','广州市黄埔去电子大夏3楼301室','','','14.157.18.39',NULL,2012,1,1),(7,'sonven','2bfba80a9fa1797100e5f822763262b0','',0,1,NULL,0,'','','18616999822','上海市浦东新区浦电路123弄','','','183.250.3.128',NULL,2012,1,1),(8,'yangbo','939663a18f9316b0164dccf716c8b2c6','',0,1,NULL,0,'','','18616888888','佛山市禅城区汾江中路20号','','','183.250.3.128',NULL,2012,1,1),(9,'xiaoyuan','9949cde26501d4d78c0e98f00fc2fca0','',0,1,NULL,0,'','','18616999822','上海市徐汇区飞掉国际大厦','','','218.85.143.146',NULL,2013,1,1),(10,'liuming','7d42ae6bc8010260b1b2588a695bc87d','',0,1,NULL,0,'','','18616999822','上海市徐汇区飞掉国际大厦','','','218.85.143.146',NULL,2013,1,1),(11,'xiaoyuanyaun','da162e57fe4cb7b158d25b3c338e7775','',0,1,NULL,0,'','','18616999822','上海市徐汇区飞掉国际大厦','','','218.85.143.146',NULL,2013,1,1),(12,'liuxiaoyuan','024e59360c238bbd3e4b077871cb7b73','',0,1,NULL,0,'','','18616999822','上海市徐汇区飞掉国际大厦','','','218.85.143.146',NULL,2013,1,1),(13,'yuan','69532b68ff7b154e3a36da699080e121','',0,1,NULL,0,'','','13728501775','佛山市禅城区张槎四路东大街3号5楼','','','183.27.195.23',NULL,2013,1,1),(14,'yuanyuan','f131c685a84cae07202b3141a89c653a','',0,1,NULL,0,'','','13728501775','佛山禅城区张槎四路岗头东大街3号5楼','','','183.27.199.29',NULL,2013,1,1),(15,'13924886758','990beab6c88213f64e4b77eea0adfcb3','',0,1,NULL,0,'','','13924886758','佛山市禅城区人民路99号','','','183.28.79.121',NULL,2013,1,1),(16,'13728501775','1499fcf72e7b3e76d1cb3d89a447a075','',0,1,NULL,0,'','','13728501775','佛山市禅城区张槎四路（东海明珠后方）岗头东大街3号5楼','','','183.27.46.207',NULL,2013,1,1),(25,'sa','1d29a68d4b43f68f551e240947965e29','刘铭',0,1,NULL,2,NULL,'1970-11-20','18616999822',NULL,NULL,NULL,'127.0.0.1',NULL,2014,2014,1),(26,'test','d9a52759304917ddc5128a90177f9287','测试员',0,1,NULL,1,NULL,'1988-11-09','18616999822',NULL,NULL,NULL,'127.0.0.1',NULL,2014,2014,1),(27,'test001','a25efbc2a481f4084e415794ec834a83','刘大炮',0,1,NULL,0,'share/noavatar.gif','1970-01-01','18616999822',NULL,NULL,NULL,'127.0.0.1',NULL,2014,2014,1),(28,'newmin123','114d350d14dbeee6cbcb841fe2746c49','刘大也',27,1,'aaaaaa',0,'share/noavatar.gif','1970-01-01','18616999822',NULL,NULL,NULL,'127.0.0.1',NULL,2014,2014,1),(29,'jarry','445ef6185c7e0076a4f07ff97fb4abc3','家锐',0,1,NULL,0,'share/noavatar.gif','1970-01-01','18616999822',NULL,NULL,NULL,'192.168.31.129',NULL,0,0,1),(30,'u1000','53b4a466a0883dd4d1a002caef1c65de',NULL,0,1,'5daf22',0,'share/noavatar.gif','1970-01-01',NULL,NULL,NULL,NULL,'192.168.1.7','API-INTERNAL',1431335389,1431953647,1),(31,'u1001','c43e587df5a87911418055e38e5e0923',NULL,0,1,'a4fa87',0,'share/noavatar.gif','1970-01-01',NULL,NULL,NULL,NULL,'192.168.1.7','API-INTERNAL',1431335618,1431335618,1),(32,'u1002','dad1ac0b86a782fa0ecd61e3bda9b4bc',NULL,0,1,'5c9182',0,'share/noavatar.gif','1970-01-01',NULL,NULL,NULL,NULL,'192.168.1.7','APP-ANDROID',1431336759,1431336803,1),(33,'u1003','473fb3efa20ba61a931149a25009738f',NULL,0,1,'2ba7a3',0,'share/noavatar.gif','1970-01-01',NULL,NULL,NULL,NULL,'192.168.31.129','WEB',1431601168,1431601168,1),(34,'u1004','f8e18784ff1ebfafa80757368761febe',NULL,0,1,'7781cf',0,'share/noavatar.gif','1970-01-01',NULL,NULL,NULL,NULL,'192.168.31.129','WEB',1431601177,1431601177,1),(35,'u1005','5abf05d05febeeb2afdb6be2a38a4c23','u1005',0,1,'c5c5b3',0,'share/noavatar.gif','1970-01-01','18616999822',NULL,NULL,NULL,'192.168.31.129','API-INTERNAL',1431845902,1431845902,1);
/*!40000 ALTER TABLE `mm_member` ENABLE KEYS */;
UNLOCK TABLES;

--
-- Table structure for table `mm_relation`
--

DROP TABLE IF EXISTS `mm_relation`;
/*!40101 SET @saved_cs_client     = @@character_set_client */;
/*!40101 SET character_set_client = utf8 */;
CREATE TABLE `mm_relation` (
  `member_id` int(11) NOT NULL,
  `card_id` varchar(20) DEFAULT NULL,
  `invi_member_id` int(11) DEFAULT NULL COMMENT '邀请人的会员ID',
  `reg_partner_id` int(11) DEFAULT NULL COMMENT '注册商户编号',
  PRIMARY KEY (`member_id`)
) ENGINE=InnoDB DEFAULT CHARSET=utf8;
/*!40101 SET character_set_client = @saved_cs_client */;

--
-- Dumping data for table `mm_relation`
--

LOCK TABLES `mm_relation` WRITE;
/*!40000 ALTER TABLE `mm_relation` DISABLE KEYS */;
INSERT INTO `mm_relation` VALUES (1,'',0,101),(2,'',0,101),(28,'201412191655',0,101),(29,'201505041739',0,101),(30,'-',0,101),(31,'-',0,101),(32,'-',28,101),(33,'201505141859',0,104),(34,'201505141859',0,104),(35,'',30,101),(36,'',2,101),(37,'',2,101),(38,'',2,101),(39,'',2,101),(40,'',2,101),(41,'',39,101);
/*!40000 ALTER TABLE `mm_relation` ENABLE KEYS */;
UNLOCK TABLES;

--
-- Table structure for table `pm_coupon`
--

DROP TABLE IF EXISTS `pm_coupon`;
/*!40101 SET @saved_cs_client     = @@character_set_client */;
/*!40101 SET character_set_client = utf8 */;
CREATE TABLE `pm_coupon` (
  `id` int(11) NOT NULL AUTO_INCREMENT,
  `partner_id` int(11) DEFAULT NULL,
  `code` varchar(10) DEFAULT NULL COMMENT '优惠码',
  `description` varchar(50) DEFAULT NULL,
  `amount` int(11) DEFAULT NULL COMMENT '优惠码可用数量',
  `total_amount` int(11) DEFAULT NULL,
  `fee` int(11) DEFAULT NULL COMMENT '包含金额',
  `discount` int(11) DEFAULT NULL,
  `integral` int(11) DEFAULT NULL COMMENT '包含积分',
  `min_level` int(11) DEFAULT NULL COMMENT '等级限制',
  `min_fee` int(11) DEFAULT NULL COMMENT '订单金额限制',
  `begin_time` int(11) DEFAULT NULL,
  `over_time` int(11) DEFAULT NULL,
  `allow_enable` tinyint(1) DEFAULT NULL COMMENT '是否允许使用',
  `need_bind` tinyint(1) DEFAULT NULL COMMENT '是否需要绑定',
  `create_time` int(11) DEFAULT NULL,
  `update_time` int(11) DEFAULT NULL COMMENT '共计数量',
  PRIMARY KEY (`id`)
) ENGINE=MyISAM AUTO_INCREMENT=6 DEFAULT CHARSET=utf8;
/*!40101 SET character_set_client = @saved_cs_client */;

--
-- Dumping data for table `pm_coupon`
--

LOCK TABLES `pm_coupon` WRITE;
/*!40000 ALTER TABLE `pm_coupon` DISABLE KEYS */;
INSERT INTO `pm_coupon` VALUES (1,101,'30off',NULL,10,10,1,70,30,1,0,1418515200,1606780800,1,0,1431960308,1431960308),(2,101,'1WEEK',NULL,10,10,10,100,0,1,100,0,0,0,0,1423719139,1423719139),(3,101,'10off',NULL,10,10,4,100,0,1,20,2015,2015,0,0,2014,2014),(4,101,'dsss',NULL,10,10,0,100,10,1,0,2015,2015,0,0,2014,2014),(5,101,'95off','95折全场通用',12,12,0,95,0,1,0,2014,2014,1,0,2014,2014);
/*!40000 ALTER TABLE `pm_coupon` ENABLE KEYS */;
UNLOCK TABLES;

--
-- Table structure for table `pm_coupon_bind`
--

DROP TABLE IF EXISTS `pm_coupon_bind`;
/*!40101 SET @saved_cs_client     = @@character_set_client */;
/*!40101 SET character_set_client = utf8 */;
CREATE TABLE `pm_coupon_bind` (
  `id` int(11) NOT NULL AUTO_INCREMENT,
  `member_id` int(11) DEFAULT NULL COMMENT '会员编号',
  `coupon_id` int(11) DEFAULT NULL COMMENT '优惠券编号',
  `is_used` tinyint(1) DEFAULT '0' COMMENT '是否使用',
  `bind_time` int(11) DEFAULT NULL COMMENT '绑定时间',
  `use_time` int(11) DEFAULT NULL COMMENT '使用时间',
  PRIMARY KEY (`id`)
) ENGINE=MyISAM DEFAULT CHARSET=utf8;
/*!40101 SET character_set_client = @saved_cs_client */;

--
-- Dumping data for table `pm_coupon_bind`
--

LOCK TABLES `pm_coupon_bind` WRITE;
/*!40000 ALTER TABLE `pm_coupon_bind` DISABLE KEYS */;
/*!40000 ALTER TABLE `pm_coupon_bind` ENABLE KEYS */;
UNLOCK TABLES;

--
-- Table structure for table `pm_coupon_take`
--

DROP TABLE IF EXISTS `pm_coupon_take`;
/*!40101 SET @saved_cs_client     = @@character_set_client */;
/*!40101 SET character_set_client = utf8 */;
CREATE TABLE `pm_coupon_take` (
  `id` int(11) NOT NULL AUTO_INCREMENT,
  `member_id` int(11) DEFAULT NULL,
  `coupon_id` int(11) DEFAULT NULL,
  `is_apply` tinyint(1) DEFAULT NULL COMMENT '是否生效,1表示有效',
  `take_time` int(11) DEFAULT NULL COMMENT '占用时间',
  `extra_time` int(11) DEFAULT NULL COMMENT '释放时间,超过该时间，优惠券释放',
  `apply_time` int(11) DEFAULT NULL COMMENT '更新时间',
  PRIMARY KEY (`id`)
) ENGINE=MyISAM AUTO_INCREMENT=7 DEFAULT CHARSET=utf8;
/*!40101 SET character_set_client = @saved_cs_client */;

--
-- Dumping data for table `pm_coupon_take`
--

LOCK TABLES `pm_coupon_take` WRITE;
/*!40000 ALTER TABLE `pm_coupon_take` DISABLE KEYS */;
INSERT INTO `pm_coupon_take` VALUES (1,1,1,0,1423548731,1423563131,1423545131),(2,1,1,1,1423565887,1423580287,1423565905),(3,1,1,1,1423566652,1423581052,1423568140),(4,1,1,0,1423632856,1423647256,1423629256),(5,1,1,1,1423704789,1423719189,1423704793),(6,1,1,1,1429970665,1429985065,1429970668);
/*!40000 ALTER TABLE `pm_coupon_take` ENABLE KEYS */;
UNLOCK TABLES;

--
-- Table structure for table `pt_api`
--

DROP TABLE IF EXISTS `pt_api`;
/*!40101 SET @saved_cs_client     = @@character_set_client */;
/*!40101 SET character_set_client = utf8 */;
CREATE TABLE `pt_api` (
  `partner_id` int(11) NOT NULL,
  `api_id` varchar(10) DEFAULT NULL,
  `api_secret` varchar(32) DEFAULT NULL,
  `enabled` tinyint(1) DEFAULT NULL COMMENT '是否启用',
  `white_list` varchar(100) DEFAULT NULL COMMENT '白名单',
  PRIMARY KEY (`partner_id`)
) ENGINE=InnoDB DEFAULT CHARSET=utf8;
/*!40101 SET character_set_client = @saved_cs_client */;

--
-- Dumping data for table `pt_api`
--

LOCK TABLES `pt_api` WRITE;
/*!40000 ALTER TABLE `pt_api` DISABLE KEYS */;
INSERT INTO `pt_api` VALUES (101,'6600123456','abede5odskew',1,'*'),(104,'6000037440','0befdb52f387cc93',1,'*'),(105,'6000037801','2acd94afae1f5fca',1,'*');
/*!40000 ALTER TABLE `pt_api` ENABLE KEYS */;
UNLOCK TABLES;

--
-- Table structure for table `pt_member_level`
--

DROP TABLE IF EXISTS `pt_member_level`;
/*!40101 SET @saved_cs_client     = @@character_set_client */;
/*!40101 SET character_set_client = utf8 */;
CREATE TABLE `pt_member_level` (
  `id` int(11) NOT NULL AUTO_INCREMENT,
  `partner_id` int(11) DEFAULT NULL,
  `name` varchar(45) DEFAULT NULL,
  `value` int(11) DEFAULT '1' COMMENT '等级值',
  `require_exp` int(11) DEFAULT NULL COMMENT '要求积分',
  `enabled` int(11) DEFAULT NULL,
  PRIMARY KEY (`id`)
) ENGINE=MyISAM AUTO_INCREMENT=6 DEFAULT CHARSET=utf8;
/*!40101 SET character_set_client = @saved_cs_client */;

--
-- Dumping data for table `pt_member_level`
--

LOCK TABLES `pt_member_level` WRITE;
/*!40000 ALTER TABLE `pt_member_level` DISABLE KEYS */;
INSERT INTO `pt_member_level` VALUES (1,101,'一星会员',1,0,1),(2,101,'二星会员',2,100,1),(3,101,'三星会员',3,300,1),(4,101,'四星会员',4,700,1),(5,101,'五星会员',5,1200,1);
/*!40000 ALTER TABLE `pt_member_level` ENABLE KEYS */;
UNLOCK TABLES;

--
-- Table structure for table `pt_order`
--

DROP TABLE IF EXISTS `pt_order`;
/*!40101 SET @saved_cs_client     = @@character_set_client */;
/*!40101 SET character_set_client = utf8 */;
CREATE TABLE `pt_order` (
  `id` int(11) NOT NULL AUTO_INCREMENT,
  `order_no` varchar(15) NOT NULL,
  `member_id` int(11) DEFAULT NULL COMMENT '-1代表游客订餐',
  `partner_id` int(11) DEFAULT NULL COMMENT '商家ID',
  `shop_id` varchar(45) DEFAULT NULL COMMENT '商家分店ID, 0为未指定，需管理指定',
  `items_info` varchar(100) DEFAULT NULL,
  `total_fee` decimal(10,2) DEFAULT NULL COMMENT '订单总额',
  `fee` decimal(10,2) DEFAULT NULL COMMENT '订单实际金额',
  `discount_fee` decimal(10,2) DEFAULT NULL COMMENT '优惠金额',
  `coupon_fee` decimal(10,2) DEFAULT NULL COMMENT '优惠券优惠金额',
  `pay_fee` decimal(10,2) DEFAULT '0.00' COMMENT '支付金额',
  `payment_opt` int(11) DEFAULT NULL COMMENT '1:餐到付款 2:网上支付  ',
  `is_suspend` tinyint(4) DEFAULT '0',
  `is_paid` int(11) DEFAULT NULL COMMENT '是否支付(0:未支付 ，1：已支付)',
  `note` varchar(150) DEFAULT NULL,
  `remark` varchar(100) DEFAULT NULL COMMENT '订单备注(可为取消理由)',
  `deliver_name` varchar(45) DEFAULT NULL,
  `deliver_phone` varchar(45) DEFAULT NULL,
  `deliver_address` varchar(100) DEFAULT NULL,
  `deliver_time` int(11) DEFAULT NULL COMMENT '送餐时间',
  `paid_time` int(11) DEFAULT NULL COMMENT '支付时间',
  `status` tinyint(4) DEFAULT NULL,
  `create_time` int(11) DEFAULT NULL,
  `update_time` int(11) DEFAULT NULL,
  PRIMARY KEY (`id`)
) ENGINE=MyISAM AUTO_INCREMENT=240 DEFAULT CHARSET=utf8;
/*!40101 SET character_set_client = @saved_cs_client */;

--
-- Dumping data for table `pt_order`
--

LOCK TABLES `pt_order` WRITE;
/*!40000 ALTER TABLE `pt_order` DISABLE KEYS */;
INSERT INTO `pt_order` VALUES (1,'20121103-1971',1,101,'0','尖椒回锅肉() * 10\n',100.00,60.00,0.00,0.00,60.00,1,0,0,'取消原因:超时未付款，系统取消',NULL,NULL,NULL,NULL,2012,NULL,0,2012,2012),(2,'20120924-9603',1,101,'1','韭黄炒蛋饭() * 9\n香菇焖鸡饭() * 9\n酸甜排骨饭() * 9\n',100.00,60.00,0.00,0.00,60.00,1,0,0,'取消原因:超时未付款，系统取消',NULL,NULL,NULL,NULL,2012,NULL,0,2012,2012),(3,'20121027-8653',1,101,'0','酸甜排骨饭() * 9\n极品红烧肉() * 9\n',100.00,60.00,0.00,0.00,60.00,1,0,0,'xiexie取消原因:超时未付款，系统取消',NULL,NULL,NULL,NULL,2012,NULL,0,2012,2012),(4,'20120924-3892',1,101,'1','酸甜排骨饭() * 9\n香菇焖鸡饭() * 9\n韭黄炒蛋饭() * 9\n极品红烧肉() * 9\n',100.00,60.00,0.00,0.00,60.00,1,0,0,'取消原因:超时未付款，系统取消',NULL,NULL,NULL,NULL,2012,NULL,0,2012,2012),(5,'20120627-2436',15,101,'1','麻婆豆腐() * 10\n油卖菜炒豆鼓() * 12\n糖醋排骨(本店招牌特色) * 10\n番茄炒蛋() * 6\n流氓图(麻辣味) * 9.6\n',100.00,60.00,0.00,0.00,60.00,1,0,0,'',NULL,NULL,NULL,NULL,2014,0,0,2012,1421419029),(6,'20120923-4551',1,101,'1','酸甜排骨饭() * 9\n香菇焖鸡饭() * 9\n',100.00,60.00,0.00,0.00,60.00,1,0,0,'取消原因:超时未付款，系统取消',NULL,NULL,NULL,NULL,2012,NULL,0,2012,2012),(7,'20120922-8308',1,101,'0','酸甜排骨饭() * 10\n香菇焖鸡饭() * 10\n韭黄炒蛋饭() * 10\n极品红烧肉() * 10\n',100.00,60.00,0.00,0.00,60.00,1,0,0,'取消原因:超时未付款，系统取消',NULL,NULL,NULL,NULL,2012,NULL,0,2012,2012),(8,'20120627-1100',15,101,'0','麻婆豆腐() * 10\n油卖菜炒豆鼓() * 12\n糖醋排骨(本店招牌特色) * 10\n番茄炒蛋() * 6\n流氓图(麻辣味) * 9.6\n',100.00,60.00,0.00,0.00,60.00,1,0,0,'取消原因:超时未付款，系统取消',NULL,NULL,NULL,NULL,2012,NULL,0,2012,2012),(9,'20120627-7755',15,101,'0','麻婆豆腐() * 10\n油卖菜炒豆鼓() * 12\n糖醋排骨(本店招牌特色) * 10\n番茄炒蛋() * 6\n流氓图(麻辣味) * 9.6\n',100.00,60.00,0.00,0.00,60.00,1,0,0,'取消原因:超时未付款，系统取消',NULL,NULL,NULL,NULL,2012,NULL,0,2012,2012),(10,'20120627-6581',15,101,'0','麻婆豆腐() * 10\n油卖菜炒豆鼓() * 12\n糖醋排骨(本店招牌特色) * 10\n番茄炒蛋() * 6\n流氓图(麻辣味) * 9.6\n',100.00,60.00,NULL,NULL,60.00,1,0,NULL,'',NULL,NULL,NULL,NULL,2012,NULL,0,2012,2012),(11,'20120627-8125',15,101,'0','麻婆豆腐() * 10\n油卖菜炒豆鼓() * 12\n糖醋排骨(本店招牌特色) * 10\n番茄炒蛋() * 6\n流氓图(麻辣味) * 9.6\n',100.00,60.00,NULL,NULL,60.00,1,0,NULL,'',NULL,NULL,NULL,NULL,2012,NULL,0,2012,2012),(12,'20120627-4651',15,101,'0','麻婆豆腐() * 10\n油卖菜炒豆鼓() * 12\n糖醋排骨(本店招牌特色) * 10\n番茄炒蛋() * 6\n流氓图(麻辣味) * 9.6\n',100.00,60.00,0.00,0.00,60.00,1,0,0,'取消原因:超时未付款，系统取消',NULL,NULL,NULL,NULL,2012,NULL,0,2012,2012),(13,'20120627-2526',15,101,'0','麻婆豆腐() * 10\n油卖菜炒豆鼓() * 12\n糖醋排骨(本店招牌特色) * 10\n番茄炒蛋() * 6\n流氓图(麻辣味) * 9.6\n',100.00,60.00,0.00,0.00,60.00,1,0,0,'取消原因:超时未付款，系统取消',NULL,NULL,NULL,NULL,2012,NULL,0,2012,2012),(14,'20120627-7442',15,101,'0','麻婆豆腐() * 10\n油卖菜炒豆鼓() * 12\n糖醋排骨(本店招牌特色) * 10\n番茄炒蛋() * 6\n流氓图(麻辣味) * 9.6\n',100.00,60.00,NULL,NULL,60.00,1,0,NULL,'',NULL,NULL,NULL,NULL,2012,NULL,0,2012,2012),(15,'20120627-7080',15,101,'0','麻婆豆腐() * 10\n油卖菜炒豆鼓() * 12\n糖醋排骨(本店招牌特色) * 10\n番茄炒蛋() * 6\n流氓图(麻辣味) * 9.6\n',100.00,60.00,0.00,0.00,60.00,1,0,0,'取消原因:超时未付款，系统取消',NULL,NULL,NULL,NULL,2012,NULL,0,2012,2012),(16,'20120627-8196',15,101,'0','麻婆豆腐() * 10\n油卖菜炒豆鼓() * 12\n糖醋排骨(本店招牌特色) * 10\n番茄炒蛋() * 6\n流氓图(麻辣味) * 9.6\n',100.00,60.00,0.00,0.00,60.00,1,0,0,'取消原因:超时未付款，系统取消',NULL,NULL,NULL,NULL,2012,NULL,0,2012,2012),(17,'20120627-5649',15,101,'0','麻婆豆腐() * 10\n油卖菜炒豆鼓() * 12\n糖醋排骨(本店招牌特色) * 10\n番茄炒蛋() * 6\n流氓图(麻辣味) * 9.6\n',100.00,60.00,0.00,0.00,60.00,1,0,0,'取消原因:超时未付款，系统取消',NULL,NULL,NULL,NULL,2012,NULL,0,2012,2012),(18,'20120627-6550',15,101,'0','麻婆豆腐() * 10\n油卖菜炒豆鼓() * 12\n糖醋排骨(本店招牌特色) * 10\n番茄炒蛋() * 6\n流氓图(麻辣味) * 9.6\n',100.00,60.00,0.00,0.00,60.00,1,0,0,'取消原因:超时未付款，系统取消',NULL,NULL,NULL,NULL,2012,NULL,0,2012,2012),(19,'20120627-6220',15,101,'0','麻婆豆腐() * 10\n油卖菜炒豆鼓() * 12\n糖醋排骨(本店招牌特色) * 10\n番茄炒蛋() * 6\n流氓图(麻辣味) * 9.6\n',100.00,60.00,0.00,0.00,60.00,1,0,0,'取消原因:超时未付款，系统取消',NULL,NULL,NULL,NULL,2012,NULL,0,2012,2012),(20,'20120627-1654',15,101,'0','麻婆豆腐() * 10\n油卖菜炒豆鼓() * 12\n糖醋排骨(本店招牌特色) * 10\n番茄炒蛋() * 6\n流氓图(麻辣味) * 9.6\n',100.00,60.00,0.00,0.00,60.00,1,0,0,'取消原因:超时未付款，系统取消',NULL,NULL,NULL,NULL,2012,NULL,0,2012,2012),(21,'20120627-8171',15,101,'0','麻婆豆腐() * 10\n油卖菜炒豆鼓() * 12\n糖醋排骨(本店招牌特色) * 10\n番茄炒蛋() * 6\n流氓图(麻辣味) * 9.6\n',100.00,60.00,0.00,0.00,60.00,1,0,0,'取消原因:超时未付款，系统取消',NULL,NULL,NULL,NULL,2012,NULL,0,2012,2012),(22,'20120627-2550',15,101,'0','麻婆豆腐() * 10\n油卖菜炒豆鼓() * 12\n糖醋排骨(本店招牌特色) * 10\n番茄炒蛋() * 6\n流氓图(麻辣味) * 9.6\n',100.00,60.00,0.00,0.00,60.00,1,0,0,'取消原因:超时未付款，系统取消',NULL,NULL,NULL,NULL,2012,NULL,0,2012,2012),(23,'20120627-7952',15,101,'0','麻婆豆腐() * 10\n油卖菜炒豆鼓() * 12\n糖醋排骨(本店招牌特色) * 10\n番茄炒蛋() * 6\n流氓图(麻辣味) * 9.6\n',100.00,60.00,0.00,0.00,60.00,1,0,0,'取消原因:超时未付款，系统取消',NULL,NULL,NULL,NULL,2012,NULL,0,2012,2012),(24,'20120627-6759',15,101,'0','麻婆豆腐() * 10\n油卖菜炒豆鼓() * 12\n糖醋排骨(本店招牌特色) * 10\n番茄炒蛋() * 6\n流氓图(麻辣味) * 9.6\n',100.00,60.00,0.00,0.00,60.00,1,0,0,'取消原因:超时未付款，系统取消',NULL,NULL,NULL,NULL,2012,NULL,0,2012,2012),(25,'20120627-8506',15,101,'0','麻婆豆腐() * 10\n油卖菜炒豆鼓() * 12\n糖醋排骨(本店招牌特色) * 10\n番茄炒蛋() * 6\n流氓图(麻辣味) * 9.6\n',100.00,60.00,0.00,0.00,60.00,1,0,0,'取消原因:超时未付款，系统取消',NULL,NULL,NULL,NULL,2012,NULL,0,2012,2012),(26,'20120627-5911',15,101,'0','麻婆豆腐() * 10\n油卖菜炒豆鼓() * 12\n糖醋排骨(本店招牌特色) * 10\n番茄炒蛋() * 6\n流氓图(麻辣味) * 9.6\n',100.00,60.00,0.00,0.00,60.00,1,0,0,'取消原因:超时未付款，系统取消',NULL,NULL,NULL,NULL,2012,NULL,0,2012,2012),(27,'20120627-7876',15,101,'0','麻婆豆腐() * 10\n油卖菜炒豆鼓() * 12\n糖醋排骨(本店招牌特色) * 10\n番茄炒蛋() * 6\n流氓图(麻辣味) * 9.6\n',100.00,60.00,0.00,0.00,60.00,1,0,0,'取消原因:超时未付款，系统取消',NULL,NULL,NULL,NULL,2012,NULL,0,2012,2012),(28,'20120627-8346',15,101,'0','麻婆豆腐() * 10\n油卖菜炒豆鼓() * 12\n糖醋排骨(本店招牌特色) * 10\n番茄炒蛋() * 6\n流氓图(麻辣味) * 9.6\n',100.00,60.00,0.00,0.00,60.00,1,0,0,'取消原因:超时未付款，系统取消',NULL,NULL,NULL,NULL,2012,NULL,0,2012,2012),(29,'20120627-6117',15,101,'0','麻婆豆腐() * 10\n油卖菜炒豆鼓() * 12\n糖醋排骨(本店招牌特色) * 10\n番茄炒蛋() * 6\n流氓图(麻辣味) * 9.6\n',100.00,60.00,0.00,0.00,60.00,1,0,0,'取消原因:超时未付款，系统取消',NULL,NULL,NULL,NULL,2012,NULL,0,2012,2012),(30,'20120627-1385',15,101,'0','麻婆豆腐() * 10\n油卖菜炒豆鼓() * 12\n糖醋排骨(本店招牌特色) * 10\n番茄炒蛋() * 6\n流氓图(麻辣味) * 9.6\n',100.00,60.00,0.00,0.00,60.00,1,0,0,'取消原因:超时未付款，系统取消',NULL,NULL,NULL,NULL,2012,NULL,0,2012,2012),(31,'20120627-4827',15,101,'0','麻婆豆腐() * 10\n油卖菜炒豆鼓() * 12\n糖醋排骨(本店招牌特色) * 10\n番茄炒蛋() * 6\n流氓图(麻辣味) * 9.6\n',100.00,60.00,0.00,0.00,60.00,1,0,0,'取消原因:超时未付款，系统取消',NULL,NULL,NULL,NULL,2012,NULL,0,2012,2012),(32,'20120627-7772',15,101,'0','麻婆豆腐() * 10\n油卖菜炒豆鼓() * 12\n糖醋排骨(本店招牌特色) * 10\n番茄炒蛋() * 6\n流氓图(麻辣味) * 9.6\n',100.00,60.00,0.00,0.00,60.00,1,0,0,'取消原因:超时未付款，系统取消',NULL,NULL,NULL,NULL,2012,NULL,0,2012,2012),(33,'20120627-1022',15,101,'0','麻婆豆腐() * 10\n油卖菜炒豆鼓() * 12\n糖醋排骨(本店招牌特色) * 10\n番茄炒蛋() * 6\n流氓图(麻辣味) * 9.6\n',100.00,60.00,0.00,0.00,60.00,1,0,0,'取消原因:超时未付款，系统取消',NULL,NULL,NULL,NULL,2012,NULL,0,2012,2012),(34,'20120627-1881',15,101,'0','麻婆豆腐() * 10\n油卖菜炒豆鼓() * 12\n糖醋排骨(本店招牌特色) * 10\n番茄炒蛋() * 6\n流氓图(麻辣味) * 9.6\n',100.00,60.00,0.00,0.00,60.00,1,0,0,'取消原因:超时未付款，系统取消',NULL,NULL,NULL,NULL,2012,NULL,0,2012,2012),(35,'20120627-9740',15,101,'0','麻婆豆腐() * 10\n油卖菜炒豆鼓() * 12\n糖醋排骨(本店招牌特色) * 10\n番茄炒蛋() * 6\n流氓图(麻辣味) * 9.6\n',100.00,60.00,0.00,0.00,60.00,1,0,0,'取消原因:超时未付款，系统取消',NULL,NULL,NULL,NULL,2012,NULL,0,2012,2012),(36,'20120627-3168',15,101,'0','麻婆豆腐() * 10\n油卖菜炒豆鼓() * 12\n糖醋排骨(本店招牌特色) * 10\n番茄炒蛋() * 6\n流氓图(麻辣味) * 9.6\n',100.00,60.00,0.00,0.00,60.00,1,0,0,'取消原因:超时未付款，系统取消',NULL,NULL,NULL,NULL,2012,NULL,0,2012,2012),(37,'20120627-4255',15,101,'0','麻婆豆腐() * 10\n油卖菜炒豆鼓() * 12\n糖醋排骨(本店招牌特色) * 10\n番茄炒蛋() * 6\n流氓图(麻辣味) * 9.6\n',100.00,60.00,0.00,0.00,60.00,1,0,0,'取消原因:超时未付款，系统取消',NULL,NULL,NULL,NULL,2012,NULL,0,2012,2012),(38,'20120627-4677',15,101,'0','麻婆豆腐() * 10\n油卖菜炒豆鼓() * 12\n糖醋排骨(本店招牌特色) * 10\n番茄炒蛋() * 6\n流氓图(麻辣味) * 9.6\n',100.00,60.00,0.00,0.00,60.00,1,0,0,'取消原因:超时未付款，系统取消',NULL,NULL,NULL,NULL,2012,NULL,0,2012,2012),(39,'20120627-4637',15,101,'0','麻婆豆腐() * 10\n油卖菜炒豆鼓() * 12\n糖醋排骨(本店招牌特色) * 10\n番茄炒蛋() * 6\n流氓图(麻辣味) * 9.6\n',100.00,60.00,0.00,0.00,60.00,1,0,0,'取消原因:超时未付款，系统取消',NULL,NULL,NULL,NULL,2012,NULL,0,2012,2012),(40,'20120627-7191',15,101,'0','麻婆豆腐() * 10\n油卖菜炒豆鼓() * 12\n糖醋排骨(本店招牌特色) * 10\n番茄炒蛋() * 6\n流氓图(麻辣味) * 9.6\n',100.00,60.00,0.00,0.00,60.00,1,0,0,'取消原因:超时未付款，系统取消',NULL,NULL,NULL,NULL,2012,NULL,0,2012,2012),(41,'20120627-1907',15,101,'0','麻婆豆腐() * 10\n油卖菜炒豆鼓() * 12\n糖醋排骨(本店招牌特色) * 10\n番茄炒蛋() * 6\n流氓图(麻辣味) * 9.6\n',100.00,60.00,0.00,0.00,60.00,1,0,0,'取消原因:超时未付款，系统取消',NULL,NULL,NULL,NULL,2012,NULL,0,2012,2012),(42,'20120627-1813',15,101,'0','麻婆豆腐() * 10\n油卖菜炒豆鼓() * 12\n糖醋排骨(本店招牌特色) * 10\n番茄炒蛋() * 6\n流氓图(麻辣味) * 9.6\n',100.00,60.00,0.00,0.00,60.00,1,0,0,'取消原因:超时未付款，系统取消',NULL,NULL,NULL,NULL,2012,NULL,0,2012,2012),(43,'20120627-5496',15,101,'0','麻婆豆腐() * 10\n油卖菜炒豆鼓() * 12\n糖醋排骨(本店招牌特色) * 10\n番茄炒蛋() * 6\n流氓图(麻辣味) * 9.6\n',100.00,60.00,0.00,0.00,60.00,1,0,0,'取消原因:超时未付款，系统取消',NULL,NULL,NULL,NULL,2012,NULL,0,2012,2012),(44,'20120627-2231',15,101,'0','麻婆豆腐() * 10\n油卖菜炒豆鼓() * 12\n糖醋排骨(本店招牌特色) * 10\n番茄炒蛋() * 6\n流氓图(麻辣味) * 9.6\n',100.00,60.00,0.00,0.00,60.00,1,0,0,'取消原因:超时未付款，系统取消',NULL,NULL,NULL,NULL,2012,NULL,0,2012,2012),(45,'20120627-3244',15,101,'0','麻婆豆腐() * 10\n油卖菜炒豆鼓() * 12\n糖醋排骨(本店招牌特色) * 10\n番茄炒蛋() * 6\n流氓图(麻辣味) * 9.6\n',100.00,60.00,0.00,0.00,60.00,1,0,0,'取消原因:超时未付款，系统取消',NULL,NULL,NULL,NULL,2012,NULL,0,2012,2012),(46,'20120627-1174',15,101,'0','麻婆豆腐() * 10\n油卖菜炒豆鼓() * 12\n糖醋排骨(本店招牌特色) * 10\n番茄炒蛋() * 6\n流氓图(麻辣味) * 9.6\n',100.00,60.00,0.00,0.00,60.00,1,0,0,'取消原因:超时未付款，系统取消',NULL,NULL,NULL,NULL,2012,NULL,0,2012,2012),(47,'20120627-1436',15,101,'0','麻婆豆腐() * 10\n油卖菜炒豆鼓() * 12\n糖醋排骨(本店招牌特色) * 10\n番茄炒蛋() * 6\n流氓图(麻辣味) * 9.6\n',100.00,60.00,0.00,0.00,60.00,1,0,0,'取消原因:超时未付款，系统取消',NULL,NULL,NULL,NULL,2012,NULL,0,2012,2012),(48,'20120627-7910',15,101,'0','麻婆豆腐() * 10\n油卖菜炒豆鼓() * 12\n糖醋排骨(本店招牌特色) * 10\n番茄炒蛋() * 6\n流氓图(麻辣味) * 9.6\n',100.00,60.00,0.00,0.00,60.00,1,0,0,'取消原因:超时未付款，系统取消',NULL,NULL,NULL,NULL,2012,NULL,0,2012,2012),(49,'20120627-3308',15,101,'0','麻婆豆腐() * 10\n油卖菜炒豆鼓() * 12\n糖醋排骨(本店招牌特色) * 10\n番茄炒蛋() * 6\n流氓图(麻辣味) * 9.6\n',100.00,60.00,0.00,0.00,60.00,1,0,0,'取消原因:超时未付款，系统取消',NULL,NULL,NULL,NULL,2012,NULL,0,2012,2012),(50,'20120627-5287',15,101,'0','麻婆豆腐() * 10\n油卖菜炒豆鼓() * 12\n糖醋排骨(本店招牌特色) * 10\n番茄炒蛋() * 6\n流氓图(麻辣味) * 9.6\n',100.00,60.00,0.00,0.00,60.00,1,0,0,'取消原因:超时未付款，系统取消',NULL,NULL,NULL,NULL,2012,NULL,0,2012,2012),(51,'20120627-5115',15,101,'0','麻婆豆腐() * 10\n油卖菜炒豆鼓() * 12\n糖醋排骨(本店招牌特色) * 10\n番茄炒蛋() * 6\n流氓图(麻辣味) * 9.6\n',100.00,60.00,0.00,0.00,60.00,1,0,0,'取消原因:超时未付款，系统取消',NULL,NULL,NULL,NULL,2012,NULL,0,2012,2012),(52,'20120627-4901',15,101,'0','麻婆豆腐() * 10\n油卖菜炒豆鼓() * 12\n糖醋排骨(本店招牌特色) * 10\n番茄炒蛋() * 6\n流氓图(麻辣味) * 9.6\n',100.00,60.00,0.00,0.00,60.00,1,0,0,'取消原因:超时未付款，系统取消',NULL,NULL,NULL,NULL,2012,NULL,0,2012,2012),(53,'20120627-7672',15,101,'0','麻婆豆腐() * 10\n油卖菜炒豆鼓() * 12\n糖醋排骨(本店招牌特色) * 10\n番茄炒蛋() * 6\n流氓图(麻辣味) * 9.6\n',100.00,60.00,0.00,0.00,60.00,1,0,0,'取消原因:超时未付款，系统取消',NULL,NULL,NULL,NULL,2012,NULL,0,2012,2012),(54,'20120627-6181',9,101,'0','木耳炒黄瓜(优惠仅限3日) * 10\n酸豆角炒肉米(酸爽美味) * 10\n麻婆豆腐() * 10\n油卖菜炒豆鼓() * 12\n糖醋排骨(本店招牌特色) * 10\n',100.00,60.00,0.00,0.00,60.00,1,0,0,'取消原因:超时未付款，系统取消',NULL,NULL,NULL,NULL,2012,NULL,0,2012,2012),(55,'20120627-1763',9,101,'0','木耳炒黄瓜(优惠仅限3日) * 10\n酸豆角炒肉米(酸爽美味) * 10\n麻婆豆腐() * 10\n油卖菜炒豆鼓() * 12\n糖醋排骨(本店招牌特色) * 10\n',100.00,60.00,0.00,0.00,60.00,1,0,0,'取消原因:超时未付款，系统取消',NULL,NULL,NULL,NULL,2012,NULL,0,2012,2012),(56,'20120627-9625',9,101,'0','木耳炒黄瓜(优惠仅限3日) * 10\n酸豆角炒肉米(酸爽美味) * 10\n麻婆豆腐() * 10\n油卖菜炒豆鼓() * 12\n糖醋排骨(本店招牌特色) * 10\n',100.00,60.00,0.00,0.00,60.00,1,0,0,'取消原因:超时未付款，系统取消',NULL,NULL,NULL,NULL,2012,NULL,0,2012,2012),(57,'20120627-4537',9,101,'0','木耳炒黄瓜(优惠仅限3日) * 10\n酸豆角炒肉米(酸爽美味) * 10\n麻婆豆腐() * 10\n油卖菜炒豆鼓() * 12\n糖醋排骨(本店招牌特色) * 10\n',100.00,60.00,0.00,0.00,60.00,1,0,0,'取消原因:超时未付款，系统取消',NULL,NULL,NULL,NULL,2012,NULL,0,2012,2012),(58,'20120627-8357',9,101,'0','木耳炒黄瓜(优惠仅限3日) * 10\n酸豆角炒肉米(酸爽美味) * 10\n麻婆豆腐() * 10\n油卖菜炒豆鼓() * 12\n糖醋排骨(本店招牌特色) * 10\n',100.00,60.00,0.00,0.00,60.00,1,0,0,'取消原因:超时未付款，系统取消',NULL,NULL,NULL,NULL,2012,NULL,0,2012,2012),(59,'20120627-1266',9,101,'0','木耳炒黄瓜(优惠仅限3日) * 10\n酸豆角炒肉米(酸爽美味) * 10\n麻婆豆腐() * 10\n油卖菜炒豆鼓() * 12\n糖醋排骨(本店招牌特色) * 10\n',100.00,60.00,0.00,0.00,60.00,1,0,0,'取消原因:超时未付款，系统取消',NULL,NULL,NULL,NULL,2012,NULL,0,2012,2012),(60,'20120627-8738',9,101,'0','木耳炒黄瓜(优惠仅限3日) * 10\n酸豆角炒肉米(酸爽美味) * 10\n麻婆豆腐() * 10\n油卖菜炒豆鼓() * 12\n糖醋排骨(本店招牌特色) * 10\n',100.00,60.00,0.00,0.00,60.00,1,0,0,'取消原因:超时未付款，系统取消',NULL,NULL,NULL,NULL,2012,NULL,0,2012,2012),(61,'20120627-9911',9,101,'0','木耳炒黄瓜(优惠仅限3日) * 10\n酸豆角炒肉米(酸爽美味) * 10\n麻婆豆腐() * 10\n油卖菜炒豆鼓() * 12\n糖醋排骨(本店招牌特色) * 10\n',100.00,60.00,0.00,0.00,60.00,1,0,0,'取消原因:超时未付款，系统取消',NULL,NULL,NULL,NULL,2012,NULL,0,2012,2012),(62,'20120627-2810',9,101,'0','木耳炒黄瓜(优惠仅限3日) * 10\n酸豆角炒肉米(酸爽美味) * 10\n麻婆豆腐() * 10\n油卖菜炒豆鼓() * 12\n糖醋排骨(本店招牌特色) * 10\n',100.00,60.00,0.00,0.00,60.00,1,0,0,'取消原因:超时未付款，系统取消',NULL,NULL,NULL,NULL,2012,NULL,0,2012,2012),(63,'20120627-4900',9,101,'0','木耳炒黄瓜(优惠仅限3日) * 10\n酸豆角炒肉米(酸爽美味) * 10\n麻婆豆腐() * 10\n油卖菜炒豆鼓() * 12\n糖醋排骨(本店招牌特色) * 10\n',100.00,60.00,0.00,0.00,60.00,1,0,0,'取消原因:超时未付款，系统取消',NULL,NULL,NULL,NULL,2012,NULL,0,2012,2012),(64,'20120627-1501',9,101,'0','木耳炒黄瓜(优惠仅限3日) * 10\n酸豆角炒肉米(酸爽美味) * 10\n麻婆豆腐() * 10\n油卖菜炒豆鼓() * 12\n糖醋排骨(本店招牌特色) * 10\n',100.00,60.00,0.00,0.00,60.00,1,0,0,'取消原因:超时未付款，系统取消',NULL,NULL,NULL,NULL,2012,NULL,0,2012,2012),(65,'20120627-7929',9,101,'0','木耳炒黄瓜(优惠仅限3日) * 10\n酸豆角炒肉米(酸爽美味) * 10\n麻婆豆腐() * 10\n油卖菜炒豆鼓() * 12\n糖醋排骨(本店招牌特色) * 10\n',100.00,60.00,0.00,0.00,60.00,1,0,0,'取消原因:超时未付款，系统取消',NULL,NULL,NULL,NULL,2012,NULL,0,2012,2012),(66,'20120627-5618',9,101,'0','木耳炒黄瓜(优惠仅限3日) * 10\n酸豆角炒肉米(酸爽美味) * 10\n麻婆豆腐() * 10\n油卖菜炒豆鼓() * 12\n糖醋排骨(本店招牌特色) * 10\n',100.00,60.00,0.00,0.00,60.00,1,0,0,'取消原因:超时未付款，系统取消',NULL,NULL,NULL,NULL,2012,NULL,0,2012,2012),(67,'20120627-6252',9,101,'0','木耳炒黄瓜(优惠仅限3日) * 10\n酸豆角炒肉米(酸爽美味) * 10\n麻婆豆腐() * 10\n油卖菜炒豆鼓() * 12\n糖醋排骨(本店招牌特色) * 10\n',100.00,60.00,0.00,0.00,60.00,1,0,0,'取消原因:超时未付款，系统取消',NULL,NULL,NULL,NULL,2012,NULL,0,2012,2012),(68,'20120627-9793',9,101,'0','木耳炒黄瓜(优惠仅限3日) * 10\n酸豆角炒肉米(酸爽美味) * 10\n麻婆豆腐() * 10\n油卖菜炒豆鼓() * 12\n糖醋排骨(本店招牌特色) * 10\n',100.00,60.00,0.00,0.00,60.00,1,0,0,'取消原因:超时未付款，系统取消',NULL,NULL,NULL,NULL,2012,NULL,0,2012,2012),(69,'20120627-5242',9,101,'0','木耳炒黄瓜(优惠仅限3日) * 10\n酸豆角炒肉米(酸爽美味) * 10\n麻婆豆腐() * 10\n油卖菜炒豆鼓() * 12\n糖醋排骨(本店招牌特色) * 10\n',100.00,60.00,0.00,0.00,60.00,1,0,0,'取消原因:超时未付款，系统取消',NULL,NULL,NULL,NULL,2012,NULL,0,2012,2012),(70,'20120627-2459',9,101,'0','木耳炒黄瓜(优惠仅限3日) * 10\n酸豆角炒肉米(酸爽美味) * 10\n麻婆豆腐() * 10\n油卖菜炒豆鼓() * 12\n糖醋排骨(本店招牌特色) * 10\n',100.00,60.00,0.00,0.00,60.00,1,0,0,'取消原因:超时未付款，系统取消',NULL,NULL,NULL,NULL,2012,NULL,0,2012,2012),(71,'20120627-6815',9,101,'0','木耳炒黄瓜(优惠仅限3日) * 10\n酸豆角炒肉米(酸爽美味) * 10\n麻婆豆腐() * 10\n油卖菜炒豆鼓() * 12\n糖醋排骨(本店招牌特色) * 10\n',100.00,60.00,0.00,0.00,60.00,1,0,0,'取消原因:超时未付款，系统取消',NULL,NULL,NULL,NULL,2012,NULL,0,2012,2012),(72,'20120627-8200',9,101,'0','木耳炒黄瓜(优惠仅限3日) * 10\n酸豆角炒肉米(酸爽美味) * 10\n麻婆豆腐() * 10\n油卖菜炒豆鼓() * 12\n糖醋排骨(本店招牌特色) * 10\n',100.00,60.00,0.00,0.00,60.00,1,0,0,'取消原因:超时未付款，系统取消',NULL,NULL,NULL,NULL,2012,NULL,0,2012,2012),(73,'20120627-3302',9,101,'0','木耳炒黄瓜(优惠仅限3日) * 10\n酸豆角炒肉米(酸爽美味) * 10\n麻婆豆腐() * 10\n油卖菜炒豆鼓() * 12\n糖醋排骨(本店招牌特色) * 10\n',100.00,60.00,0.00,0.00,60.00,1,0,0,'取消原因:超时未付款，系统取消',NULL,NULL,NULL,NULL,2012,NULL,0,2012,2012),(74,'20120627-9453',9,101,'0','木耳炒黄瓜(优惠仅限3日) * 10\n酸豆角炒肉米(酸爽美味) * 10\n麻婆豆腐() * 10\n油卖菜炒豆鼓() * 12\n糖醋排骨(本店招牌特色) * 10\n',100.00,60.00,0.00,0.00,60.00,1,0,0,'取消原因:超时未付款，系统取消',NULL,NULL,NULL,NULL,2012,NULL,0,2012,2012),(75,'20120627-2646',9,101,'0','木耳炒黄瓜(优惠仅限3日) * 10\n酸豆角炒肉米(酸爽美味) * 10\n麻婆豆腐() * 10\n油卖菜炒豆鼓() * 12\n糖醋排骨(本店招牌特色) * 10\n',100.00,60.00,0.00,0.00,60.00,1,0,0,'取消原因:超时未付款，系统取消',NULL,NULL,NULL,NULL,2012,NULL,0,2012,2012),(76,'20120627-6516',9,101,'0','木耳炒黄瓜(优惠仅限3日) * 10\n酸豆角炒肉米(酸爽美味) * 10\n麻婆豆腐() * 10\n油卖菜炒豆鼓() * 12\n糖醋排骨(本店招牌特色) * 10\n',100.00,60.00,0.00,0.00,60.00,1,0,0,'取消原因:超时未付款，系统取消',NULL,NULL,NULL,NULL,2012,NULL,0,2012,2012),(77,'20120627-8374',9,101,'0','木耳炒黄瓜(优惠仅限3日) * 10\n酸豆角炒肉米(酸爽美味) * 10\n麻婆豆腐() * 10\n油卖菜炒豆鼓() * 12\n糖醋排骨(本店招牌特色) * 10\n',100.00,60.00,0.00,0.00,60.00,1,0,0,'取消原因:超时未付款，系统取消',NULL,NULL,NULL,NULL,2012,NULL,0,2012,2012),(78,'20120627-5625',9,101,'0','木耳炒黄瓜(优惠仅限3日) * 10\n酸豆角炒肉米(酸爽美味) * 10\n麻婆豆腐() * 10\n油卖菜炒豆鼓() * 12\n糖醋排骨(本店招牌特色) * 10\n',100.00,60.00,0.00,0.00,60.00,1,0,0,'取消原因:超时未付款，系统取消',NULL,NULL,NULL,NULL,2012,NULL,0,2012,2012),(79,'20120627-1217',9,101,'0','木耳炒黄瓜(优惠仅限3日) * 10\n酸豆角炒肉米(酸爽美味) * 10\n麻婆豆腐() * 10\n油卖菜炒豆鼓() * 12\n糖醋排骨(本店招牌特色) * 10\n',100.00,60.00,0.00,0.00,60.00,1,0,0,'取消原因:超时未付款，系统取消',NULL,NULL,NULL,NULL,2012,NULL,0,2012,2012),(80,'20120627-6054',9,101,'0','木耳炒黄瓜(优惠仅限3日) * 10\n酸豆角炒肉米(酸爽美味) * 10\n麻婆豆腐() * 10\n油卖菜炒豆鼓() * 12\n糖醋排骨(本店招牌特色) * 10\n',100.00,60.00,0.00,0.00,60.00,1,0,0,'取消原因:超时未付款，系统取消',NULL,NULL,NULL,NULL,2012,NULL,0,2012,2012),(81,'20120627-3177',9,101,'0','木耳炒黄瓜(优惠仅限3日) * 10\n酸豆角炒肉米(酸爽美味) * 10\n麻婆豆腐() * 10\n油卖菜炒豆鼓() * 12\n糖醋排骨(本店招牌特色) * 10\n',100.00,60.00,0.00,0.00,60.00,1,0,0,'取消原因:超时未付款，系统取消',NULL,NULL,NULL,NULL,2012,NULL,0,2012,2012),(82,'20120627-7430',9,101,'0','木耳炒黄瓜(优惠仅限3日) * 10\n酸豆角炒肉米(酸爽美味) * 10\n麻婆豆腐() * 10\n油卖菜炒豆鼓() * 12\n糖醋排骨(本店招牌特色) * 10\n',100.00,60.00,0.00,0.00,60.00,1,0,0,'取消原因:超时未付款，系统取消',NULL,NULL,NULL,NULL,2012,NULL,0,2012,2012),(83,'20120627-8355',9,101,'0','木耳炒黄瓜(优惠仅限3日) * 10\n酸豆角炒肉米(酸爽美味) * 10\n麻婆豆腐() * 10\n油卖菜炒豆鼓() * 12\n糖醋排骨(本店招牌特色) * 10\n',100.00,60.00,0.00,0.00,60.00,1,0,0,'取消原因:超时未付款，系统取消',NULL,NULL,NULL,NULL,2012,NULL,0,2012,2012),(84,'20120627-8173',9,101,'0','木耳炒黄瓜(优惠仅限3日) * 10\n酸豆角炒肉米(酸爽美味) * 10\n麻婆豆腐() * 10\n油卖菜炒豆鼓() * 12\n糖醋排骨(本店招牌特色) * 10\n',100.00,60.00,0.00,0.00,60.00,1,0,0,'取消原因:超时未付款，系统取消',NULL,NULL,NULL,NULL,2012,NULL,0,2012,2012),(85,'20120627-3528',9,101,'0','木耳炒黄瓜(优惠仅限3日) * 10\n酸豆角炒肉米(酸爽美味) * 10\n麻婆豆腐() * 10\n油卖菜炒豆鼓() * 12\n糖醋排骨(本店招牌特色) * 10\n',100.00,60.00,0.00,0.00,60.00,1,0,0,'取消原因:超时未付款，系统取消',NULL,NULL,NULL,NULL,2012,NULL,0,2012,2012),(86,'20120627-7629',9,101,'0','木耳炒黄瓜(优惠仅限3日) * 10\n酸豆角炒肉米(酸爽美味) * 10\n麻婆豆腐() * 10\n油卖菜炒豆鼓() * 12\n糖醋排骨(本店招牌特色) * 10\n',100.00,60.00,0.00,0.00,60.00,1,0,0,'取消原因:超时未付款，系统取消',NULL,NULL,NULL,NULL,2012,NULL,0,2012,2012),(87,'20120627-9910',9,101,'0','木耳炒黄瓜(优惠仅限3日) * 10\n酸豆角炒肉米(酸爽美味) * 10\n麻婆豆腐() * 10\n油卖菜炒豆鼓() * 12\n糖醋排骨(本店招牌特色) * 10\n',100.00,60.00,0.00,0.00,60.00,1,0,0,'取消原因:超时未付款，系统取消',NULL,NULL,NULL,NULL,2012,NULL,0,2012,2012),(88,'20120627-5774',9,101,'0','木耳炒黄瓜(优惠仅限3日) * 10\n酸豆角炒肉米(酸爽美味) * 10\n麻婆豆腐() * 10\n油卖菜炒豆鼓() * 12\n糖醋排骨(本店招牌特色) * 10\n',100.00,60.00,0.00,0.00,60.00,1,0,0,'取消原因:超时未付款，系统取消',NULL,NULL,NULL,NULL,2012,NULL,0,2012,2012),(89,'20120627-2158',9,101,'0','木耳炒黄瓜(优惠仅限3日) * 10\n酸豆角炒肉米(酸爽美味) * 10\n麻婆豆腐() * 10\n油卖菜炒豆鼓() * 12\n糖醋排骨(本店招牌特色) * 10\n',100.00,60.00,0.00,0.00,60.00,1,0,0,'取消原因:超时未付款，系统取消',NULL,NULL,NULL,NULL,2012,NULL,0,2012,2012),(90,'20120627-6967',9,101,'0','木耳炒黄瓜(优惠仅限3日) * 10\n酸豆角炒肉米(酸爽美味) * 10\n麻婆豆腐() * 10\n油卖菜炒豆鼓() * 12\n糖醋排骨(本店招牌特色) * 10\n',100.00,60.00,0.00,0.00,60.00,1,0,0,'取消原因:超时未付款，系统取消',NULL,NULL,NULL,NULL,2012,NULL,0,2012,2012),(91,'20120627-8772',9,101,'0','木耳炒黄瓜(优惠仅限3日) * 10\n酸豆角炒肉米(酸爽美味) * 10\n麻婆豆腐() * 10\n油卖菜炒豆鼓() * 12\n糖醋排骨(本店招牌特色) * 10\n',100.00,60.00,0.00,0.00,60.00,1,0,0,'取消原因:超时未付款，系统取消',NULL,NULL,NULL,NULL,2012,NULL,0,2012,2012),(92,'20120627-9923',9,101,'0','木耳炒黄瓜(优惠仅限3日) * 10\n酸豆角炒肉米(酸爽美味) * 10\n麻婆豆腐() * 10\n油卖菜炒豆鼓() * 12\n糖醋排骨(本店招牌特色) * 10\n',100.00,60.00,0.00,0.00,60.00,1,0,0,'取消原因:超时未付款，系统取消',NULL,NULL,NULL,NULL,2012,NULL,0,2012,2012),(93,'20120627-2908',9,101,'0','木耳炒黄瓜(优惠仅限3日) * 10\n酸豆角炒肉米(酸爽美味) * 10\n麻婆豆腐() * 10\n油卖菜炒豆鼓() * 12\n糖醋排骨(本店招牌特色) * 10\n',100.00,60.00,0.00,0.00,60.00,1,0,0,'取消原因:超时未付款，系统取消',NULL,NULL,NULL,NULL,2012,NULL,0,2012,2012),(94,'20120627-1039',9,101,'0','木耳炒黄瓜(优惠仅限3日) * 10\n酸豆角炒肉米(酸爽美味) * 10\n麻婆豆腐() * 10\n油卖菜炒豆鼓() * 12\n糖醋排骨(本店招牌特色) * 10\n',100.00,60.00,0.00,0.00,60.00,1,0,0,'取消原因:超时未付款，系统取消',NULL,NULL,NULL,NULL,2012,NULL,0,2012,2012),(95,'20120627-9722',9,101,'0','木耳炒黄瓜(优惠仅限3日) * 10\n酸豆角炒肉米(酸爽美味) * 10\n麻婆豆腐() * 10\n油卖菜炒豆鼓() * 12\n糖醋排骨(本店招牌特色) * 10\n',100.00,60.00,0.00,0.00,60.00,1,0,0,'取消原因:超时未付款，系统取消',NULL,NULL,NULL,NULL,2012,NULL,0,2012,2012),(96,'20120627-2130',9,101,'0','木耳炒黄瓜(优惠仅限3日) * 10\n酸豆角炒肉米(酸爽美味) * 10\n麻婆豆腐() * 10\n油卖菜炒豆鼓() * 12\n糖醋排骨(本店招牌特色) * 10\n',100.00,60.00,0.00,0.00,60.00,1,0,0,'取消原因:超时未付款，系统取消',NULL,NULL,NULL,NULL,2012,NULL,0,2012,2012),(97,'20120627-3465',9,101,'1','木耳炒黄瓜(优惠仅限3日) * 10\n酸豆角炒肉米(酸爽美味) * 10\n麻婆豆腐() * 10\n油卖菜炒豆鼓() * 12\n糖醋排骨(本店招牌特色) * 10\n',100.00,60.00,0.00,0.00,60.00,1,0,0,'取消原因:超时未付款，系统取消',NULL,NULL,NULL,NULL,2012,NULL,0,2012,2012),(98,'20120702-9893',15,101,'1','木耳炒黄瓜(优惠仅限3日) * 10\n酸豆角炒肉米(酸爽美味) * 10\n麻婆豆腐() * 10\n油卖菜炒豆鼓() * 12\n',100.00,60.00,0.00,0.00,60.00,1,0,0,'取消原因:超时未付款，系统取消',NULL,NULL,NULL,NULL,2012,NULL,0,2012,2012),(99,'20120702-7680',15,101,'0','木耳炒黄瓜(优惠仅限3日) * 10\n酸豆角炒肉米(酸爽美味) * 10\n麻婆豆腐() * 10\n油卖菜炒豆鼓() * 12\n',100.00,60.00,0.00,0.00,60.00,1,0,0,'取消原因:超时未付款，系统取消',NULL,NULL,NULL,NULL,2012,NULL,0,2012,2012),(100,'20120702-9943',15,101,'0','木耳炒黄瓜(优惠仅限3日) * 10\n麻婆豆腐() * 10\n油卖菜炒豆鼓() * 12\n糖醋排骨(本店招牌特色) * 10\n',100.00,60.00,0.00,0.00,60.00,1,0,0,'取消原因:超时未付款，系统取消',NULL,NULL,NULL,NULL,2012,NULL,0,2012,2012),(101,'20120702-9760',15,101,'0','木耳炒黄瓜(优惠仅限3日) * 10\n麻婆豆腐() * 10\n油卖菜炒豆鼓() * 12\n糖醋排骨(本店招牌特色) * 10\n',100.00,60.00,0.00,0.00,60.00,1,0,0,'取消原因:超时未付款，系统取消',NULL,NULL,NULL,NULL,2012,NULL,0,2012,2012),(102,'20120702-3696',1,101,'1','木耳炒黄瓜(优惠仅限3日) * 10\n酸豆角炒肉米(酸爽美味) * 10\n麻婆豆腐() * 10\n',100.00,60.00,0.00,0.00,60.00,1,0,0,'取消原因:超时未付款，系统取消',NULL,NULL,NULL,NULL,2012,NULL,0,2012,2012),(103,'20120703-4504',8,101,'0','木耳炒黄瓜(优惠仅限3日) * 10\n酸豆角炒肉米(酸爽美味) * 10\n麻婆豆腐() * 10\n',100.00,60.00,0.00,0.00,60.00,1,0,0,'取消原因:超时未付款，系统取消',NULL,NULL,NULL,NULL,2012,NULL,0,2012,2012),(104,'20120703-8136',8,101,'0','木耳炒黄瓜(优惠仅限3日) * 10\n酸豆角炒肉米(酸爽美味) * 10\n麻婆豆腐() * 10\n',100.00,60.00,0.00,0.00,60.00,1,0,0,'取消原因:超时未付款，系统取消',NULL,NULL,NULL,NULL,2012,NULL,0,2012,2012),(105,'20120703-3632',8,101,'1','木耳炒黄瓜(优惠仅限3日) * 10\n酸豆角炒肉米(酸爽美味) * 10\n麻婆豆腐() * 10\n',100.00,60.00,0.00,0.00,60.00,1,0,0,'取消原因:超时未付款，系统取消',NULL,NULL,NULL,NULL,2012,NULL,0,2012,2012),(106,'20120703-4933',8,101,'0','木耳炒黄瓜(优惠仅限3日) * 10\n酸豆角炒肉米(酸爽美味) * 10\n麻婆豆腐() * 10\n',100.00,60.00,0.00,0.00,60.00,1,0,0,'取消原因:超时未付款，系统取消',NULL,NULL,NULL,NULL,2012,NULL,0,2012,2012),(107,'20120703-2793',8,101,'0','木耳炒黄瓜(优惠仅限3日) * 10\n酸豆角炒肉米(酸爽美味) * 10\n麻婆豆腐() * 10\n',100.00,60.00,0.00,0.00,60.00,1,0,0,'取消原因:超时未付款，系统取消',NULL,NULL,NULL,NULL,2012,NULL,0,2012,2012),(108,'20120703-5358',1,101,'0','木耳炒黄瓜(优惠仅限3日) * 10\n酸豆角炒肉米(酸爽美味) * 10\n',100.00,60.00,0.00,0.00,60.00,1,0,0,'取消原因:超时未付款，系统取消',NULL,NULL,NULL,NULL,2012,NULL,0,2012,2012),(109,'20120703-1458',1,101,'0','木耳炒黄瓜(优惠仅限3日) * 10\n酸豆角炒肉米(酸爽美味) * 10\n',100.00,60.00,0.00,0.00,60.00,1,0,0,'取消原因:超时未付款，系统取消',NULL,NULL,NULL,NULL,2012,NULL,0,2012,2012),(110,'20120703-9432',19,101,'1','木耳炒黄瓜(优惠仅限3日) * 10\n酸豆角炒肉米(酸爽美味) * 10\n麻婆豆腐() * 10\n油卖菜炒豆鼓() * 12\n糖醋排骨(本店招牌特色) * 10\n番茄炒蛋() * 6\n',100.00,60.00,0.00,0.00,60.00,1,0,0,'取消原因:超时未付款，系统取消',NULL,NULL,NULL,NULL,2012,NULL,0,2012,2012),(111,'20120703-7117',19,101,'0','木耳炒黄瓜(优惠仅限3日) * 10\n酸豆角炒肉米(酸爽美味) * 10\n麻婆豆腐() * 10\n油卖菜炒豆鼓() * 12\n糖醋排骨(本店招牌特色) * 10\n番茄炒蛋() * 6\n',100.00,60.00,0.00,0.00,60.00,1,0,0,'取消原因:超时未付款，系统取消',NULL,NULL,NULL,NULL,2012,NULL,0,2012,2012),(112,'20120707-2673',1,101,'0','木耳炒黄瓜(优惠仅限3日) * 10\n酸豆角炒肉米(酸爽美味) * 10\n油卖菜炒豆鼓() * 12\n糖醋排骨(本店招牌特色) * 10\n',100.00,60.00,0.00,0.00,60.00,1,0,0,'取消原因:超时未付款，系统取消',NULL,NULL,NULL,NULL,2012,NULL,0,2012,2012),(113,'20120707-7558',22,101,'1','木耳炒黄瓜(优惠仅限3日) * 10\n酸豆角炒肉米(酸爽美味) * 10\n油卖菜炒豆鼓() * 12\n糖醋排骨(本店招牌特色) * 10\n番茄炒蛋() * 6\n',100.00,60.00,0.00,0.00,60.00,1,0,0,'取消原因:超时未付款，系统取消',NULL,NULL,NULL,NULL,2012,NULL,0,2012,2012),(114,'20120707-7906',21,101,'1','木耳炒黄瓜(优惠仅限3日) * 10\n酸豆角炒肉米(酸爽美味) * 10\n麻婆豆腐() * 10\n油卖菜炒豆鼓() * 12\n',100.00,60.00,0.00,0.00,60.00,1,0,0,'取消原因:超时未付款，系统取消',NULL,NULL,NULL,NULL,2012,NULL,0,2012,2012),(115,'20120707-8395',16,101,'0','营养套餐 () * 10\n木耳炒黄瓜(优惠仅限3日) * 10\n',100.00,60.00,0.00,0.00,60.00,1,0,0,'取消原因:超时未付款，系统取消',NULL,NULL,NULL,NULL,2012,NULL,0,2012,2012),(116,'20120707-6956',23,101,'0','营养套餐 () * 10\n木耳炒黄瓜(优惠仅限3日) * 10\n',100.00,60.00,0.00,0.00,60.00,1,0,0,'取消原因:超时未付款，系统取消',NULL,NULL,NULL,NULL,2012,NULL,0,2012,2012),(117,'20120707-4722',23,101,'0','过桥米线() * 10\n',100.00,60.00,0.00,0.00,60.00,1,0,0,'取消原因:超时未付款，系统取消',NULL,NULL,NULL,NULL,2012,NULL,0,2012,2012),(118,'20120707-9913',16,101,'0','酸辣粉丝() * 10\n',100.00,60.00,0.00,0.00,60.00,1,0,0,'取消原因:超时未付款，系统取消',NULL,NULL,NULL,NULL,2012,NULL,0,2012,2012),(119,'20120707-1485',16,101,'0','酸辣粉丝() * 10\n',100.00,60.00,0.00,0.00,60.00,1,0,0,'取消原因:超时未付款，系统取消',NULL,NULL,NULL,NULL,2012,NULL,0,2012,2012),(120,'20120707-8310',23,101,'0','酸辣粉丝() * 10\n木耳炒黄瓜(优惠仅限3日) * 10\n',100.00,60.00,0.00,0.00,60.00,1,0,0,'取消原因:超时未付款，系统取消',NULL,NULL,NULL,NULL,2012,NULL,0,2012,2012),(121,'20120707-9986',23,101,'0','营养套餐 () * 10\n',100.00,60.00,0.00,0.00,60.00,1,0,0,'取消原因:超时未付款，系统取消',NULL,NULL,NULL,NULL,2012,NULL,0,2012,2012),(122,'20120709-2715',1,101,'0','木耳炒黄瓜(优惠仅限3日) * 10\n麻婆豆腐() * 10\n番茄炒蛋() * 6\n流氓图(麻辣味) * 9.6\n营养套餐 () * 10\n',100.00,60.00,0.00,0.00,60.00,1,0,0,'取消原因:超时未付款，系统取消',NULL,NULL,NULL,NULL,2012,NULL,0,2012,2012),(123,'20120710-4124',1,101,'0','糖醋排骨(本店招牌特色) * 10\n',100.00,60.00,0.00,0.00,60.00,1,0,0,'取消原因:超时未付款，系统取消',NULL,NULL,NULL,NULL,2012,NULL,0,2012,2012),(124,'20120710-7520',1,101,'0','商务营养套餐(：\"优惠仅限3日) * 168\n',100.00,60.00,0.00,0.00,60.00,1,0,0,'取消原因:超时未付款，系统取消',NULL,NULL,NULL,NULL,2012,NULL,0,2012,2012),(125,'20120710-9269',1,101,'1','木耳炒黄瓜(优惠仅限3日) * 10\n麻婆豆腐() * 10\n油卖菜炒豆鼓() * 12\n糖醋排骨(本店招牌特色) * 10\n番茄炒蛋() * 6\n流氓图(麻辣味) * 9.6\n',100.00,60.00,0.00,0.00,60.00,1,0,0,'取消原因:超时未付款，系统取消',NULL,NULL,NULL,NULL,2012,NULL,0,2012,2012),(126,'20120810-9477',1,101,'4','鼓汁排骨饭((仅限今日8折优惠)) * 10.4\n西兰花炒肉片 () * 10\n荷兰豆炒肉片() * 10\n木耳炒黄瓜(优惠仅限3日) * 10\n',100.00,60.00,0.00,0.00,60.00,1,0,0,'取消原因:超时未付款，系统取消',NULL,NULL,NULL,NULL,2012,NULL,0,2012,2012),(127,'20130115-7948',1,101,'1','野山椒炒肉() * 10\n',100.00,60.00,0.00,0.00,60.00,1,0,0,'',NULL,NULL,NULL,NULL,2014,0,0,2013,1421419029),(128,'20130115-3856',1,101,'0','野山椒炒肉() * 10\n',100.00,60.00,0.00,0.00,60.00,1,0,0,'取消原因:超时未付款，系统取消',NULL,NULL,NULL,NULL,2013,NULL,0,2013,2013),(129,'20130203-1190',1,101,'2','野山椒炒肉() * 10\n尖椒回锅肉() * 10\n',100.00,60.00,0.00,0.00,60.00,1,0,0,'',NULL,NULL,NULL,NULL,2014,0,0,2013,1421419029),(130,'20130307-5447',1,101,'1','尖椒回锅肉() * 10\n',100.00,60.00,0.00,0.00,60.00,1,0,0,'测试',NULL,NULL,NULL,NULL,2014,0,0,2013,1421419029),(131,'20130308-2932',1,101,'1','酸甜排骨饭() * 9\n极品红烧肉() * 9\n香菇焖鸡饭() * 9\n花生猪手饭() * 10\n鱼香茄子饭() * 10\n',100.00,60.00,0.00,0.00,60.00,1,0,0,'要辣',NULL,NULL,NULL,NULL,2014,0,0,2013,1421419029),(132,'20130311-9708',1,101,'1','尖椒回锅肉() * 10\n野山椒炒肉() * 10\n',100.00,60.00,0.00,0.00,60.00,1,0,0,'',NULL,NULL,NULL,NULL,2014,0,0,2013,1421419029),(133,'20130315-1432',1,101,'7','尖椒回锅肉() * 10\n',100.00,60.00,0.00,0.00,60.00,1,0,0,'',NULL,NULL,NULL,NULL,2014,0,0,2013,1421419029),(134,'20130331-4922',1,101,'1','尖椒回锅肉() * 9\n',100.00,60.00,0.00,0.00,60.00,1,0,0,'要辣一点的',NULL,NULL,NULL,NULL,2014,0,0,2013,1421419029),(135,'20130331-4998',1,101,'1','尖椒回锅肉() * 9\n野山椒炒肉() * 10\n',100.00,60.00,0.00,0.00,60.00,1,0,0,'',NULL,NULL,NULL,NULL,2014,0,0,2013,1421419029),(136,'20130331-2185',1,101,'1','尖椒回锅肉() * 9\n野山椒炒肉() * 10\n',100.00,60.00,0.00,0.00,60.00,1,0,0,'',NULL,NULL,NULL,NULL,2014,0,0,2013,1421419029),(137,'20130401-8432',1,101,'1','尖椒回锅肉() * 9\n野山椒炒肉() * 10\n',100.00,60.00,0.00,0.00,60.00,1,0,0,'',NULL,NULL,NULL,NULL,2014,0,0,2013,1421419029),(138,'20130401-5283',1,101,'1','尖椒回锅肉() * 9\n野山椒炒肉() * 10\n',100.00,60.00,0.00,0.00,60.00,1,0,0,'',NULL,NULL,NULL,NULL,2014,0,0,2013,1421419029),(139,'20130401-4602',1,101,'1','尖椒回锅肉() * 9\n野山椒炒肉() * 10\n',100.00,60.00,0.00,0.00,60.00,1,0,0,'',NULL,NULL,NULL,NULL,2014,0,0,2013,1421419029),(140,'20130401-7643',1,101,'1','野山椒炒肉() * 10\n尖椒回锅肉() * 9\n极品红烧肉() * 10\n',100.00,60.00,0.00,0.00,60.00,1,0,0,'',NULL,NULL,NULL,NULL,2014,0,0,2013,1421419029),(141,'20130401-8214',1,101,'1','野山椒炒肉() * 10\n尖椒回锅肉() * 9\n极品红烧肉() * 10\n',100.00,60.00,0.00,0.00,60.00,1,0,0,'',NULL,NULL,NULL,NULL,2014,0,0,2013,1421419029),(142,'20130401-8460',1,101,'1','野山椒炒肉() * 10\n极品红烧肉() * 10\n',100.00,60.00,0.00,0.00,60.00,1,0,0,'',NULL,NULL,NULL,NULL,2014,0,0,2013,1421419029),(143,'20130401-2503',1,101,'2','香卤鸡腿饭() * 10\n花生猪手饭() * 10\n红烧鱼腩饭() * 9\n',100.00,60.00,0.00,0.00,60.00,1,0,0,'',NULL,NULL,NULL,NULL,2013,0,0,2013,1421419029),(144,'20130408-9481',1,101,'1','尖椒回锅肉() * 9\n野山椒炒肉() * 10\n',100.00,60.00,0.00,0.00,60.00,1,0,0,'',NULL,NULL,NULL,NULL,2014,0,0,2013,1421419029),(145,'20130408-9473',1,101,'0','尖椒回锅肉() * 9\n野山椒炒肉() * 10\n',100.00,60.00,NULL,NULL,60.00,1,0,NULL,'',NULL,NULL,NULL,NULL,2013,NULL,0,2013,2013),(146,'685450864',1,101,NULL,'鱼香茄子饭*1\n尖椒回锅肉*2\n香菇焖鸡饭*1',80.00,72.00,NULL,NULL,72.00,1,0,NULL,NULL,NULL,NULL,NULL,NULL,2014,NULL,NULL,2014,2014),(147,'683515854',1,101,NULL,'鱼香茄子饭*1\n尖椒回锅肉*2\n香菇焖鸡饭*1',80.00,72.00,NULL,NULL,72.00,1,0,NULL,NULL,NULL,NULL,NULL,NULL,2014,NULL,NULL,2014,2014),(148,'685952634',1,101,NULL,'鱼香茄子饭*18\n尖椒回锅肉*18\n香菇焖鸡饭*18',1080.00,972.00,NULL,NULL,972.00,2,0,NULL,NULL,NULL,NULL,NULL,NULL,2014,NULL,NULL,2014,2014),(149,'681859957',1,101,NULL,'鱼香茄子饭*2',40.00,36.00,NULL,NULL,36.00,2,0,NULL,NULL,NULL,NULL,NULL,NULL,2014,NULL,NULL,2014,2014),(150,'686802891',1,101,NULL,'鱼香茄子饭*2',40.00,36.00,NULL,NULL,36.00,2,0,NULL,NULL,NULL,NULL,NULL,NULL,2014,NULL,NULL,2014,2014),(151,'686267421',1,101,'1','鱼香茄子饭*2',40.00,36.00,0.00,0.00,36.00,2,0,1,NULL,NULL,NULL,NULL,NULL,2014,1421418460,6,2014,1421419029),(152,'684452597',1,101,'7','鱼香茄子饭*2',40.00,36.00,0.00,0.00,36.00,2,0,1,NULL,NULL,NULL,NULL,NULL,2014,1421418526,6,2014,1421419029),(153,'689182668',1,101,'7','鱼香茄子饭*1\n尖椒回锅肉*1\n香菇焖鸡饭*1\n野山椒炒肉*1',60.00,55.00,0.00,0.00,55.00,2,0,1,NULL,NULL,NULL,NULL,NULL,2014,1421418626,6,2014,1421419029),(154,'685815333',1,101,'1','鱼香茄子饭*1',20.00,18.00,0.00,0.00,18.00,2,0,1,NULL,NULL,NULL,NULL,NULL,2014,1421418633,6,2014,1421419029),(155,'689681862',1,101,'0','鱼香茄子饭*1',20.00,18.00,0.00,0.00,18.00,2,0,0,NULL,NULL,'刘铭','18616999822','上海市',1421419091,0,6,2014,1421419138),(156,'686862923',1,101,'0','鱼香茄子饭*1\n香菇焖鸡饭*1\n野山椒炒肉*1\n极品红烧肉*1\n花生猪手饭*1',40.00,39.00,0.00,0.00,39.00,2,0,0,NULL,NULL,'刘铭','18616999822','上海市',1421419091,0,6,2014,1421419138),(157,'687643214',1,101,'0','尖椒回锅肉*1\n香菇焖鸡饭*1',40.00,36.00,0.00,0.00,36.00,2,0,0,NULL,NULL,'刘铭','18616999822','上海市',1421419091,0,6,2014,1421419138),(158,'687137477',1,101,'0','鱼香茄子饭*1\n尖椒回锅肉*1',40.00,36.00,0.00,0.00,36.00,2,0,0,NULL,NULL,'刘铭','18616999822','上海市',1421419091,0,6,2014,1421419138),(159,'686200508',1,101,'0','鱼香茄子饭*1\n尖椒回锅肉*1\n香菇焖鸡饭*1',60.00,54.00,0.00,0.00,54.00,2,0,0,NULL,NULL,'李讪讪','18616999822','上海市黄埔区',1421419091,0,6,2014,1421419138),(160,'682658763',1,101,'0','鱼香茄子饭*1',20.00,18.00,0.00,0.00,18.00,2,0,0,NULL,NULL,'刘铭','18616999822','上海市',1421419091,0,6,2014,1421419138),(161,'688563456',1,101,'0','香菇焖鸡饭*1',20.00,18.00,0.00,0.00,18.00,2,0,0,NULL,NULL,'刘铭','18616999822','上海市',1421419091,0,6,2014,1421419139),(162,'686432330',1,101,'0','尖椒回锅肉*1',20.00,18.00,0.00,0.00,18.00,2,0,0,NULL,NULL,'刘铭','18616999822','上海市',1421419091,0,6,2014,1421419139),(163,'682539015',1,101,'0','鱼香茄子饭*1',20.00,18.00,0.00,0.00,18.00,2,0,0,NULL,NULL,'刘铭','18616999822','上海市',1421419091,0,6,2014,1421419139),(164,'683135658',1,101,'1','尖椒回锅肉*1',20.00,18.00,0.00,0.00,18.00,2,0,1,NULL,NULL,'刘铭','18616999822','上海市',2014,1421418639,6,2014,1421419029),(165,'689424176',1,101,'1','尖椒回锅肉*1',20.00,18.00,7.40,5.40,13.00,2,0,1,NULL,NULL,'刘铭','18616999822','上海市',1421413341,1421418380,6,2014,1421419029),(166,'682964508',1,101,'1','尖椒回锅肉*1\n尖椒回锅肉*1',40.00,36.00,4.00,0.00,36.00,2,0,1,NULL,NULL,'刘铭','18616999822','上海市',1421413353,1421418267,6,2014,1421419029),(167,'689386565',1,101,'1','香菇焖鸡饭*2',40.00,36.00,14.80,10.80,25.00,2,0,0,NULL,NULL,'刘铭','18616999822','上海市',2014,0,6,2014,1421419030),(168,'685350377',1,101,'1','香菇焖鸡饭*2',40.00,36.00,14.80,10.80,25.00,2,0,0,'取消原因:无法联系送达',NULL,'刘铭','18616999822','上海市',2014,NULL,0,2014,2014),(169,'683401193',1,101,'1','尖椒回锅肉*2',40.00,36.00,14.80,10.80,25.00,2,0,0,'取消原因:会员申请取消',NULL,'刘铭','18616999822','上海市',2014,NULL,0,2014,2014),(170,'681554163',1,101,'1','鱼香茄子饭*1',20.00,18.00,7.40,5.40,13.00,2,0,0,NULL,NULL,'刘铭','18616999822','上海市',2014,0,6,2014,1421419030),(171,'689760500',1,101,'1','尖椒回锅肉*1\n尖椒回锅肉*1',40.00,36.00,14.80,10.80,25.00,2,0,0,NULL,NULL,'刘铭','18616999822','上海市',2014,0,6,2014,1421419030),(172,'687956073',1,101,'1','香菇焖鸡饭*1\n香菇焖鸡饭*1',40.00,36.00,4.00,0.00,36.00,2,0,0,NULL,NULL,'刘铭','18616999822','上海市',2014,0,6,2014,1421419030),(173,'684691894',1,101,'1','香菇焖鸡饭*2',40.00,36.00,4.00,0.00,36.00,2,0,0,NULL,NULL,'刘铭','18616999822','上海市',2014,0,6,2014,1421419030),(174,'682466077',1,101,'1','鱼香茄子饭*2',40.00,36.00,5.80,1.80,34.00,2,0,0,NULL,NULL,'刘铭','18616999822','上海市',2014,0,6,2014,1421419030),(175,'681009722',1,101,'1','鱼香茄子饭*2',40.00,36.00,4.00,0.00,36.00,2,0,0,NULL,NULL,'刘铭','18616999822','上海市',2014,0,6,2014,1421419030),(176,'681710378',1,101,'1','鱼香茄子饭*2',40.00,36.00,17.80,13.80,22.00,2,0,0,NULL,NULL,'刘铭','18616999822','上海市',2014,0,6,2014,1421419030),(177,'687025732',1,101,'1','鱼香茄子饭*2',40.00,36.00,16.80,12.80,23.00,2,0,0,NULL,NULL,'刘铭','18616999822','上海市',2014,0,6,2014,1421419030),(178,'683878066',1,101,'1','鱼香茄子饭*2',40.00,36.00,15.80,11.80,24.00,2,0,0,NULL,NULL,'刘铭','18616999822','上海市',2014,0,6,2014,1421419030),(179,'681645404',1,101,'7','鱼香茄子饭*2',40.00,36.00,15.80,11.80,24.00,2,0,0,NULL,NULL,'刘铭','18616999822','上海市',2014,0,6,2014,1421419030),(180,'687153988',1,101,'1','鱼香茄子饭*3',60.00,54.00,23.20,17.20,37.00,2,0,0,NULL,NULL,'刘铭','18616999822','上海市',2014,0,6,2014,1421419030),(181,'688664284',1,101,'1','鱼香茄子饭*7',140.00,126.00,20.30,6.30,119.70,2,0,0,NULL,NULL,'刘铭','18616999822','上海市',2014,0,6,2014,1421419030),(182,'684148199',1,101,'1','香菇焖鸡饭*2',40.00,36.00,4.00,0.00,36.00,2,0,0,NULL,NULL,'刘铭','18616999822','上海市',2014,0,6,2014,1421419030),(183,'689469831',28,101,'1','鱼香茄子饭*1',20.00,18.00,2.00,0.00,18.00,2,0,0,NULL,NULL,'刘大爷','18616999822','佛山市',2014,0,6,2014,1421419030),(184,'689205996',1,101,'1','鱼香茄子饭*1',20.00,18.00,2.00,0.00,18.00,2,0,0,NULL,NULL,'刘铭','18616999822','上海市',2014,0,6,2014,1421419031),(185,'683958933',1,101,'0','鱼香茄子饭*3',60.00,54.00,6.00,0.00,54.00,2,0,0,NULL,NULL,'刘铭','18616999822','上海市',1421419091,0,6,0,1421419139),(186,'686018039',1,101,'0','香菇焖鸡饭*1\n香菇焖鸡饭*1\n香菇焖鸡饭*1',60.00,54.00,6.00,0.00,54.00,2,0,0,NULL,NULL,'刘铭','18616999822','上海市',1421419091,0,6,2015,1421419139),(187,'681426294',1,101,'0','尖椒回锅肉*2',40.00,36.00,4.00,0.00,36.00,2,0,0,NULL,NULL,'刘铭','18616999822','上海市',1421419091,0,6,2015,1421419139),(188,'686396270',1,101,'0','鱼香茄子饭*1\n尖椒回锅肉*1\n香菇焖鸡饭*1\n野山椒炒肉*1',60.00,55.00,5.00,0.00,55.00,2,0,0,NULL,NULL,'刘铭','18616999822','上海市',1421419091,0,6,2015,1421419139),(189,'686660811',1,101,'0','鱼香茄子饭*1\n尖椒回锅肉*1\n香菇焖鸡饭*1',60.00,54.00,6.00,0.00,54.00,2,0,0,NULL,NULL,'刘铭','18616999822','上海市',1421419091,0,6,2015,1421419139),(190,'685994267',1,101,'1','鱼香茄子饭*1\n尖椒回锅肉*1',40.00,36.00,4.00,0.00,36.00,2,0,1,NULL,NULL,'刘铭','18616999822','上海市',2015,NULL,6,2015,1421414462),(191,'683249100',1,101,'1','鱼香茄子饭*1',20.00,18.00,2.00,0.00,18.00,2,0,1,NULL,NULL,'刘铭','18616999822','上海市',1421419078,1421419071,6,2015,1421419079),(192,'681879385',1,101,'0','鱼香茄子饭*2',40.00,36.00,4.00,0.00,36.00,2,0,0,NULL,NULL,'刘铭','18616999822','上海市',1421419091,0,6,1421115773,1421419139),(193,'684439119',1,101,'0','鱼香茄子饭*2',40.00,36.00,4.00,0.00,36.00,2,0,0,NULL,NULL,'刘铭','18616999822','上海市',1421419091,0,6,1421116017,1421419139),(194,'682733252',1,101,'0','鱼香茄子饭*1',20.00,18.00,2.00,0.00,18.00,2,0,0,NULL,NULL,'刘铭','18616999822','上海市',1421419091,0,6,1421116540,1421419139),(195,'687082275',1,101,'0','鱼香茄子饭*2',40.00,36.00,4.00,0.00,36.00,2,0,0,NULL,NULL,'刘铭','18616999822','上海市',1421419091,0,6,1421117123,1421419139),(196,'681830704',1,101,'0','鱼香茄子饭*1\n尖椒回锅肉*1',40.00,36.00,4.00,0.00,36.00,2,0,0,NULL,NULL,'刘铭','18616999822','上海市',1421419091,0,6,1421117237,1421419139),(197,'689460669',1,101,'0','鱼香茄子饭*2',40.00,36.00,4.00,0.00,36.00,2,0,0,NULL,NULL,'刘铭','18616999822','上海市',1421419091,0,6,1421117290,1421419139),(198,'689127006',1,101,'0','鱼香茄子饭*1\n尖椒回锅肉*1\n香菇焖鸡饭*1',60.00,54.00,6.00,0.00,54.00,2,0,0,NULL,NULL,'刘铭','18616999822','上海市',1421419091,0,6,1421117367,1421419139),(199,'681246014',1,101,'0','鱼香茄子饭*3',60.00,54.00,6.00,0.00,54.00,2,0,0,NULL,NULL,'刘铭','18616999822','上海市',1421419091,0,6,1421126427,1421419139),(200,'687298508',1,101,'0','鱼香茄子饭*1\n尖椒回锅肉*1',40.00,36.00,4.00,0.00,36.00,2,0,0,NULL,NULL,'刘铭','18616999822','上海市',1421419091,0,6,1421126653,1421419139),(201,'683810426',1,101,'0','尖椒回锅肉*1\n香菇焖鸡饭*1\n野山椒炒肉*1',40.00,37.00,3.00,0.00,37.00,2,0,0,NULL,NULL,'刘铭','18616999822','上海市',1421419091,0,6,1421126896,1421419139),(202,'687535196',1,101,'0','鱼香茄子饭*1\n尖椒回锅肉*1',40.00,36.00,4.00,0.00,36.00,2,0,0,NULL,NULL,'刘铭','18616999822','上海市',1421419091,0,6,1421127721,1421419139),(203,'688886497',1,101,'0','鱼香茄子饭*1',20.00,18.00,2.00,0.00,18.00,2,0,0,NULL,NULL,'刘铭','18616999822','上海市',1422947510,0,6,1422945619,1422947630),(204,'686076719',1,101,'0','鱼香茄子饭*1',20.00,18.00,2.00,0.00,18.00,2,0,0,NULL,NULL,'刘铭','18616999822','上海市',1422947570,0,6,1422945675,1422947691),(205,'681656585',1,101,'0','鱼香茄子饭(1)*32\n尖椒回锅肉*3\n香菇焖鸡饭*1\n野山椒炒肉*1\n极品红烧肉*1',720.00,650.00,70.00,0.00,650.00,2,0,0,NULL,NULL,'刘铭','18616999822','上海市',1423386000,0,6,1423384138,1423445747),(206,'686262415',1,101,'0','鱼香茄子饭(1)*33\n尖椒回锅肉*4\n香菇焖鸡饭*2\n野山椒炒肉*2\n极品红烧肉*1',780.00,705.00,75.00,0.00,705.00,2,0,0,NULL,NULL,'刘铭','18616999822','上海市',1423445747,0,6,1423386178,1423445836),(207,'688714535',1,101,'0','鱼香茄子饭(1)*33\n尖椒回锅肉*4\n香菇焖鸡饭*2\n野山椒炒肉*2\n极品红烧肉*1',780.00,705.00,75.00,0.00,705.00,2,0,0,NULL,NULL,'刘铭','18616999822','上海市',1423445747,0,6,1423386276,1423445836),(208,'685733757',1,101,'0','花生猪手饭*40\n红烧鱼腩饭*4\n香卤鸡腿饭*2\n酸甜排骨饭*2\n',920.00,831.00,89.00,0.00,831.00,2,0,0,NULL,NULL,'刘铭','18616999822','上海市',1423445747,0,6,1423386394,1423445836),(209,'681884165',1,101,'0','韭黄炒蛋饭-2-2*1\n鱼香茄子饭(1)*1',40.00,36.00,4.00,0.00,36.00,2,0,0,NULL,NULL,'刘铭','18616999822','上海市',1423445747,0,6,1423386550,1423445836),(210,'687693160',1,101,'0','香菇焖鸡饭*4',80.00,72.00,8.00,0.00,72.00,2,0,0,NULL,NULL,'谢环子','18867889090','上海市徐汇区三江路23号西雅图小区1902室',1423447995,0,6,1423446134,1423534209),(211,'688519535',1,101,'0','韭黄炒蛋饭-2-2*1',20.00,18.00,8.40,6.40,11.60,1,0,0,NULL,NULL,'刘铭','18616999822','上海市',1423562305,0,0,1423565905,1423704615),(212,'681612930',1,101,'0','鱼香茄子饭(1)*2\n尖椒回锅肉*1',60.00,54.00,6.00,0.00,54.00,1,0,0,NULL,NULL,'刘铭','18616999822','上海市',1423563896,0,0,1423567496,1423704616),(213,'682154439',1,101,'0','香菇焖鸡饭*1',20.00,18.00,8.40,6.40,11.60,1,0,0,NULL,NULL,'谢环子','18867889090','上海市徐汇区三江路23号西雅图小区1902室',1423564540,0,0,1423568140,1423704616),(214,'688774632',1,101,'0','野山椒炒肉*1\n极品红烧肉*1\n花生猪手饭*1',40.00,37.00,3.00,0.00,37.00,1,0,0,NULL,NULL,'刘铭','18616999822','上海市',1423564586,0,0,1423568186,1423704616),(215,'688997312',1,101,'0','鱼香茄子饭(1)*3\n尖椒回锅肉*3\n香菇焖鸡饭*1\n极品红烧肉*1\n花生猪手饭*2',140.00,129.00,50.70,39.70,89.30,1,1,1,NULL,NULL,'刘铭','18616999822','上海市',1423701193,1423712352,2,1423704793,1426937014),(216,'689966046',1,101,'7','尖椒回锅肉*1\n香菇焖鸡饭*2\n野山椒炒肉*1\n极品红烧肉*1',60.00,56.00,4.00,0.00,56.00,2,0,1,NULL,NULL,'刘铭','18616999822','上海市',1423708355,1423712551,6,1423706425,1423713206),(217,'685910540',1,101,'0','鱼香茄子饭(1)*1\n尖椒回锅肉*1',40.00,36.00,4.00,0.00,36.00,1,1,1,NULL,NULL,'刘铭','18616999822','上海市',1423709062,1423712678,2,1423712662,1426937014),(218,'681016189',1,101,'0','鱼香茄子饭(1)*1',20.00,18.00,2.00,0.00,18.00,1,1,0,NULL,NULL,'刘铭','18616999822','上海市',1426934559,0,2,1426938159,1429970168),(219,'686232296',1,101,'0','鱼香茄子饭(1)*2',40.00,36.00,15.80,11.80,24.20,1,1,0,NULL,NULL,'刘铭','18616999822','上海市',1429967068,0,2,1429970668,1430112244),(220,'682060665',1,101,'0','鱼香茄子饭(1)*1',20.00,18.00,2.00,0.00,18.00,1,1,0,NULL,NULL,'刘铭','18616999822','上海市',1430111426,0,2,1430115026,1430115411),(221,'689248677',1,101,'0','鱼香茄子饭(1)*10\n尖椒回锅肉*1',220.00,198.00,22.00,0.00,198.00,1,1,0,NULL,NULL,'诸葛亮','18888888888','佛山市禅城区祖庙路23号',1430530512,0,2,1430534112,1430534441),(222,'683472292',1,101,'0','鱼香茄子饭(1)*2\n尖椒回锅肉*1',60.00,54.00,6.00,0.00,54.00,1,1,0,NULL,NULL,'诸葛亮','18888888888','佛山市禅城区祖庙路23号',1430531938,0,2,1430535538,1430535880),(223,'685456727',1,101,'0','鱼香茄子饭(1)*5\n尖椒回锅肉*1',120.00,108.00,12.00,0.00,108.00,1,1,0,NULL,NULL,'刘铭','18616999822','上海市',1430704284,0,2,1430707884,1430708218),(224,'682729378',1,101,'0','鱼香茄子饭(1)*5',100.00,90.00,10.00,0.00,90.00,1,1,0,NULL,NULL,'刘铭','18616999822','上海市',1430727060,0,2,1430730660,1430731256),(225,'689464630',1,101,'0','鱼香茄子饭(1)*5',100.00,90.00,10.00,0.00,90.00,2,0,0,NULL,NULL,'刘铭','18616999822','上海市',1430727090,0,0,1430730690,1431016735),(226,'686647065',1,101,'0','鱼香茄子饭(1)*5',100.00,90.00,10.00,0.00,90.00,2,0,0,NULL,NULL,'刘铭','18616999822','上海市',1430727165,0,0,1430730765,1431016735),(227,'681940816',29,101,'0','鱼香茄子饭(1)*4\n香菇焖鸡饭*2\n尖椒回锅肉*2',160.00,144.00,16.00,0.00,144.00,2,0,0,NULL,NULL,'刘家锐','18616999822','佛山市汾江中路20号',1430729248,0,0,1430732848,1431016735),(228,'683185629',1,101,'0','鱼香茄子饭(1)*35\n香菇焖鸡饭*1\n尖椒回锅肉*12',960.00,864.00,96.00,0.00,864.00,1,1,0,NULL,NULL,'诸葛亮','18888888855','佛山市禅城区祖庙路23号',1431094887,0,2,1431098487,1431098880),(229,'686614244',1,101,'0','鱼香茄子饭(1)*38\n尖椒回锅肉*13\n香菇焖鸡饭*1',1040.00,936.00,104.00,0.00,936.00,1,1,0,NULL,NULL,'刘铭','18616999822','上海市',1431095064,0,2,1431098664,1431099060),(230,'684693753',1,101,'0','鱼香茄子饭(1)*4\n尖椒回锅肉*1',100.00,90.00,10.00,0.00,90.00,1,1,0,NULL,NULL,'诸葛亮','18888888855','佛山市禅城区祖庙路23号',1431311030,0,2,1431314630,1431314956),(231,'688887237',1,101,'0','鱼香茄子饭(1)*2',40.00,36.00,4.00,0.00,36.00,1,1,0,NULL,NULL,'刘铭','18616999822','上海市',1431311044,0,2,1431314644,1431314956),(232,'111119018',1,101,'0','鱼香茄子饭(1)*13',260.00,234.00,26.00,0.00,234.00,1,1,0,NULL,NULL,'诸葛亮','18888888855','佛山市禅城区祖庙路23号',1431440644,0,2,1431444244,1431444599),(233,'112925142',1,101,'0','鱼香茄子饭(1)*1',20.00,18.00,2.00,0.00,18.00,1,0,0,NULL,NULL,'刘铭','18616999822','上海市',1431446762,0,6,1431444850,1431484474),(234,'119593999',1,101,'0','鱼香茄子饭(1)*2',40.00,36.00,4.00,0.00,36.00,1,1,0,NULL,NULL,'诸葛亮','18888888855','佛山市禅城区祖庙路23号',1431474838,0,2,1431478438,1431478713),(235,'117423398',1,101,'0','鱼香茄子饭(1)*2',40.00,36.00,4.00,0.00,36.00,1,1,0,NULL,NULL,'诸葛亮','18888888855','佛山市禅城区祖庙路23号',1431474907,0,2,1431478507,1431478893),(236,'118047137',1,101,'0','鱼香茄子饭(1)*6\n极品红烧肉*2',120.00,110.00,10.00,0.00,110.00,1,1,0,NULL,NULL,'诸葛亮','18888888855','佛山市禅城区祖庙路23号',1431610487,0,2,1431614087,1431661454),(237,'111109195',1,101,'0','尖椒回锅肉*2\n鱼香茄子饭(1)*1',60.00,54.00,6.00,0.00,54.00,1,1,0,NULL,NULL,'刘铭','18616999822','上海市',1431844530,0,2,1431848130,1431848506),(238,'113182609',1,101,'0','鱼香茄子饭(1)*2\n极品红烧肉*1',40.00,37.00,3.00,0.00,37.00,1,1,0,NULL,NULL,'刘铭','18616999822','上海市',1431852948,0,2,1431856548,1431856802),(239,'116874517',1,101,'0','鱼香茄子饭(1)*1',20.00,18.00,2.00,0.00,18.00,1,1,0,NULL,NULL,'刘铭','18616999822','上海市',1431911733,0,2,1431915333,1431915758);
/*!40000 ALTER TABLE `pt_order` ENABLE KEYS */;
UNLOCK TABLES;

--
-- Table structure for table `pt_order_coupon`
--

DROP TABLE IF EXISTS `pt_order_coupon`;
/*!40101 SET @saved_cs_client     = @@character_set_client */;
/*!40101 SET character_set_client = utf8 */;
CREATE TABLE `pt_order_coupon` (
  `id` int(11) NOT NULL AUTO_INCREMENT,
  `order_id` int(11) DEFAULT NULL,
  `coupon_id` int(11) DEFAULT NULL,
  `coupon_code` varchar(20) DEFAULT NULL,
  `coupon_fee` decimal(10,2) DEFAULT NULL,
  `coupon_describe` varchar(100) DEFAULT NULL,
  `send_integral` int(11) DEFAULT NULL,
  PRIMARY KEY (`id`)
) ENGINE=MyISAM AUTO_INCREMENT=16 DEFAULT CHARSET=utf8;
/*!40101 SET character_set_client = @saved_cs_client */;

--
-- Dumping data for table `pt_order_coupon`
--

LOCK TABLES `pt_order_coupon` WRITE;
/*!40000 ALTER TABLE `pt_order_coupon` DISABLE KEYS */;
INSERT INTO `pt_order_coupon` VALUES (1,168,1,'30off',11.00,'任意订单,7.0折优惠,赠送积分30点',30),(2,169,1,'30off',11.00,'任意订单,7.0折优惠,赠送积分30点',30),(3,170,1,'30off',5.00,'任意订单,7.0折优惠,赠送积分30点',30),(4,171,1,'30off',11.00,'任意订单,7.0折优惠,赠送积分30点',30),(5,174,5,'95off',2.00,'任意订单,9.5折优惠',0),(6,176,5,'95off',14.00,'任意订单,9.5折优惠,另减12元',0),(7,177,5,'95off',13.00,'任意订单,9.5折优惠,另减11元',0),(8,178,5,'95off',12.00,'任意订单,9.5折优惠,另减10元',0),(9,179,1,'30off',12.00,'任意订单,7.0折优惠,另减1元,赠送积分30点',30),(10,180,1,'30off',17.00,'任意订单,7.0折优惠,另减1元,赠送积分30点',30),(11,181,5,'95off',6.00,'任意订单,9.5折优惠',0),(12,211,1,'30off',6.40,'任意订单,7.0折优惠,另减1元,赠送积分30点',30),(13,213,1,'30off',6.40,'任意订单,7.0折优惠,另减1元,赠送积分30点',30),(14,215,1,'30off',39.70,'任意订单,7.0折优惠,另减1元,赠送积分30点',30),(15,219,1,'30off',11.80,'任意订单,7.0折优惠,另减1元,赠送积分30点',30);
/*!40000 ALTER TABLE `pt_order_coupon` ENABLE KEYS */;
UNLOCK TABLES;

--
-- Table structure for table `pt_order_item`
--

DROP TABLE IF EXISTS `pt_order_item`;
/*!40101 SET @saved_cs_client     = @@character_set_client */;
/*!40101 SET character_set_client = utf8 */;
CREATE TABLE `pt_order_item` (
  `id` int(11) NOT NULL AUTO_INCREMENT,
  `snapshot_id` int(11) DEFAULT NULL,
  `quantity` int(11) DEFAULT NULL,
  `sku` varchar(100) DEFAULT NULL,
  `fee` decimal(8,2) DEFAULT NULL,
  `update_time` datetime DEFAULT NULL,
  PRIMARY KEY (`id`)
) ENGINE=InnoDB DEFAULT CHARSET=latin1;
/*!40101 SET character_set_client = @saved_cs_client */;

--
-- Dumping data for table `pt_order_item`
--

LOCK TABLES `pt_order_item` WRITE;
/*!40000 ALTER TABLE `pt_order_item` DISABLE KEYS */;
/*!40000 ALTER TABLE `pt_order_item` ENABLE KEYS */;
UNLOCK TABLES;

--
-- Table structure for table `pt_order_log`
--

DROP TABLE IF EXISTS `pt_order_log`;
/*!40101 SET @saved_cs_client     = @@character_set_client */;
/*!40101 SET character_set_client = utf8 */;
CREATE TABLE `pt_order_log` (
  `id` int(11) NOT NULL AUTO_INCREMENT,
  `order_id` int(11) DEFAULT NULL,
  `type` tinyint(1) DEFAULT '1' COMMENT '类型，１:流程,2:调价',
  `message` varchar(50) DEFAULT NULL,
  `is_system` tinyint(4) DEFAULT NULL,
  `record_time` int(11) DEFAULT NULL,
  PRIMARY KEY (`id`)
) ENGINE=MyISAM AUTO_INCREMENT=288 DEFAULT CHARSET=utf8;
/*!40101 SET character_set_client = @saved_cs_client */;

--
-- Dumping data for table `pt_order_log`
--

LOCK TABLES `pt_order_log` WRITE;
/*!40000 ALTER TABLE `pt_order_log` DISABLE KEYS */;
INSERT INTO `pt_order_log` VALUES (1,187,1,'订单已经确认',NULL,2015),(2,188,1,'订单已经确认',NULL,2015),(3,190,1,'订单已经确认',NULL,2015),(4,190,1,'订单处理中',NULL,2015),(5,190,1,'订单开始配送',NULL,2015),(6,190,1,'订单已完成',NULL,2015),(7,189,1,'订单已经确认',NULL,2015),(8,191,1,'订单已经确认',0,1421412981),(9,191,1,'订单已锁定智能分配门店失败！原因：无法识别的地址：上海市',1,1421413006),(10,192,1,'订单已经确认',0,1421413006),(11,192,1,'自动分配门店:南庄店,电话：0757-31018',0,1421413011),(12,193,1,'订单已经确认',0,1421413011),(13,193,1,'自动分配门店:南庄店,电话：0757-31018',0,1421413011),(14,194,1,'订单已经确认',0,1421413011),(15,194,1,'自动分配门店:南庄店,电话：0757-31018',0,1421413011),(16,195,1,'订单已经确认',0,1421413011),(17,195,1,'自动分配门店:南庄店,电话：0757-31018',0,1421413012),(18,196,1,'订单已经确认',0,1421413012),(19,196,1,'自动分配门店:南庄店,电话：0757-31018',0,1421413012),(20,197,1,'订单已经确认',0,1421413012),(21,197,1,'自动分配门店:南庄店,电话：0757-31018',0,1421413012),(22,198,1,'订单已经确认',0,1421413012),(23,198,1,'自动分配门店:南庄店,电话：0757-31018',0,1421413012),(24,199,1,'订单已经确认',0,1421413012),(25,199,1,'自动分配门店:南庄店,电话：0757-31018',0,1421413012),(26,200,1,'订单已经确认',0,1421413012),(27,200,1,'自动分配门店:南庄店,电话：0757-31018',0,1421413012),(28,201,1,'订单已经确认',0,1421413012),(29,201,1,'自动分配门店:南庄店,电话：0757-31018',0,1421413013),(30,202,1,'订单已经确认',0,1421413013),(31,202,1,'自动分配门店:南庄店,电话：0757-31018',0,1421413013),(32,165,1,'订单开始配送',0,1421413341),(33,165,1,'已收货',0,1421413345),(34,166,1,'订单开始配送',0,1421413353),(35,166,1,'已收货',0,1421413353),(36,190,1,'订单已完成',0,1421414462),(37,5,1,'订单已取消,原因：超时未付款，系统取消',1,1421419029),(38,127,1,'订单已取消,原因：超时未付款，系统取消',1,1421419029),(39,129,1,'订单已取消,原因：超时未付款，系统取消',1,1421419029),(40,130,1,'订单已取消,原因：超时未付款，系统取消',1,1421419029),(41,131,1,'订单已取消,原因：超时未付款，系统取消',1,1421419029),(42,132,1,'订单已取消,原因：超时未付款，系统取消',1,1421419029),(43,133,1,'订单已取消,原因：超时未付款，系统取消',1,1421419029),(44,134,1,'订单已取消,原因：超时未付款，系统取消',1,1421419029),(45,135,1,'订单已取消,原因：超时未付款，系统取消',1,1421419029),(46,136,1,'订单已取消,原因：超时未付款，系统取消',1,1421419029),(47,137,1,'订单已取消,原因：超时未付款，系统取消',1,1421419029),(48,138,1,'订单已取消,原因：超时未付款，系统取消',1,1421419029),(49,139,1,'订单已取消,原因：超时未付款，系统取消',1,1421419029),(50,140,1,'订单已取消,原因：超时未付款，系统取消',1,1421419029),(51,141,1,'订单已取消,原因：超时未付款，系统取消',1,1421419029),(52,142,1,'订单已取消,原因：超时未付款，系统取消',1,1421419029),(53,143,1,'订单已取消,原因：超时未付款，系统取消',1,1421419029),(54,144,1,'订单已取消,原因：超时未付款，系统取消',1,1421419029),(55,151,1,'订单已完成',0,1421419029),(56,152,1,'订单已完成',0,1421419029),(57,153,1,'订单已完成',0,1421419029),(58,154,1,'订单已完成',0,1421419029),(59,155,1,'订单处理中',0,1421419029),(60,156,1,'订单处理中',0,1421419029),(61,157,1,'订单处理中',0,1421419029),(62,158,1,'订单处理中',0,1421419029),(63,159,1,'订单处理中',0,1421419029),(64,160,1,'订单处理中',0,1421419029),(65,161,1,'订单处理中',0,1421419029),(66,162,1,'订单处理中',0,1421419029),(67,163,1,'订单处理中',0,1421419029),(68,164,1,'订单已完成',0,1421419029),(69,165,1,'订单已完成',0,1421419029),(70,166,1,'订单已完成',0,1421419030),(71,167,1,'订单已完成',0,1421419030),(72,170,1,'订单已完成',0,1421419030),(73,171,1,'订单已完成',0,1421419030),(74,172,1,'订单已完成',0,1421419030),(75,173,1,'订单已完成',0,1421419030),(76,174,1,'订单已完成',0,1421419030),(77,175,1,'订单已完成',0,1421419030),(78,176,1,'订单已完成',0,1421419030),(79,177,1,'订单已完成',0,1421419030),(80,178,1,'订单已完成',0,1421419030),(81,179,1,'订单已完成',0,1421419030),(82,180,1,'订单已完成',0,1421419030),(83,181,1,'订单已完成',0,1421419030),(84,182,1,'订单已完成',0,1421419030),(85,183,1,'订单已完成',0,1421419031),(86,184,1,'订单已完成',0,1421419031),(87,185,1,'订单处理中',0,1421419031),(88,186,1,'订单处理中',0,1421419031),(89,187,1,'订单处理中',0,1421419031),(90,188,1,'订单处理中',0,1421419031),(91,189,1,'订单处理中',0,1421419031),(92,192,1,'订单处理中',0,1421419031),(93,193,1,'订单处理中',0,1421419031),(94,194,1,'订单处理中',0,1421419031),(95,195,1,'订单处理中',0,1421419031),(96,196,1,'订单处理中',0,1421419031),(97,197,1,'订单处理中',0,1421419031),(98,198,1,'订单处理中',0,1421419031),(99,199,1,'订单处理中',0,1421419031),(100,200,1,'订单处理中',0,1421419031),(101,201,1,'订单处理中',0,1421419031),(102,202,1,'订单处理中',0,1421419031),(103,191,1,'订单处理中',0,1421419077),(104,191,1,'订单开始配送',0,1421419078),(105,191,1,'已收货',0,1421419078),(106,191,1,'订单已完成',0,1421419080),(107,155,1,'订单开始配送',0,1421419091),(108,156,1,'订单开始配送',0,1421419091),(109,157,1,'订单开始配送',0,1421419091),(110,158,1,'订单开始配送',0,1421419091),(111,159,1,'订单开始配送',0,1421419091),(112,160,1,'订单开始配送',0,1421419091),(113,161,1,'订单开始配送',0,1421419091),(114,162,1,'订单开始配送',0,1421419091),(115,163,1,'订单开始配送',0,1421419091),(116,185,1,'订单开始配送',0,1421419091),(117,186,1,'订单开始配送',0,1421419091),(118,187,1,'订单开始配送',0,1421419091),(119,188,1,'订单开始配送',0,1421419091),(120,189,1,'订单开始配送',0,1421419091),(121,192,1,'订单开始配送',0,1421419091),(122,193,1,'订单开始配送',0,1421419091),(123,194,1,'订单开始配送',0,1421419091),(124,195,1,'订单开始配送',0,1421419091),(125,196,1,'订单开始配送',0,1421419091),(126,197,1,'订单开始配送',0,1421419091),(127,198,1,'订单开始配送',0,1421419091),(128,199,1,'订单开始配送',0,1421419091),(129,200,1,'订单开始配送',0,1421419091),(130,201,1,'订单开始配送',0,1421419091),(131,202,1,'订单开始配送',0,1421419091),(132,155,1,'已收货',0,1421419099),(133,156,1,'已收货',0,1421419099),(134,157,1,'已收货',0,1421419099),(135,158,1,'已收货',0,1421419099),(136,159,1,'已收货',0,1421419099),(137,160,1,'已收货',0,1421419099),(138,161,1,'已收货',0,1421419099),(139,162,1,'已收货',0,1421419099),(140,163,1,'已收货',0,1421419099),(141,185,1,'已收货',0,1421419099),(142,186,1,'已收货',0,1421419099),(143,187,1,'已收货',0,1421419099),(144,188,1,'已收货',0,1421419099),(145,189,1,'已收货',0,1421419099),(146,192,1,'已收货',0,1421419099),(147,193,1,'已收货',0,1421419099),(148,194,1,'已收货',0,1421419099),(149,195,1,'已收货',0,1421419099),(150,196,1,'已收货',0,1421419099),(151,197,1,'已收货',0,1421419099),(152,198,1,'已收货',0,1421419099),(153,199,1,'已收货',0,1421419099),(154,200,1,'已收货',0,1421419099),(155,201,1,'已收货',0,1421419099),(156,202,1,'已收货',0,1421419099),(157,155,1,'订单已完成',0,1421419138),(158,156,1,'订单已完成',0,1421419138),(159,157,1,'订单已完成',0,1421419138),(160,158,1,'订单已完成',0,1421419138),(161,159,1,'订单已完成',0,1421419138),(162,160,1,'订单已完成',0,1421419139),(163,161,1,'订单已完成',0,1421419139),(164,162,1,'订单已完成',0,1421419139),(165,163,1,'订单已完成',0,1421419139),(166,185,1,'订单已完成',0,1421419139),(167,186,1,'订单已完成',0,1421419139),(168,187,1,'订单已完成',0,1421419139),(169,188,1,'订单已完成',0,1421419139),(170,189,1,'订单已完成',0,1421419139),(171,192,1,'订单已完成',0,1421419139),(172,193,1,'订单已完成',0,1421419139),(173,194,1,'订单已完成',0,1421419139),(174,195,1,'订单已完成',0,1421419139),(175,196,1,'订单已完成',0,1421419139),(176,197,1,'订单已完成',0,1421419139),(177,198,1,'订单已完成',0,1421419139),(178,199,1,'订单已完成',0,1421419139),(179,200,1,'订单已完成',0,1421419139),(180,201,1,'订单已完成',0,1421419139),(181,202,1,'订单已完成',0,1421419140),(182,203,1,'订单已经确认',0,1422945902),(183,203,1,'自动分配门店:南庄店,电话：0757-31018',0,1422945903),(184,204,1,'订单已经确认',0,1422945963),(185,204,1,'自动分配门店:南庄店,电话：0757-31018',0,1422945963),(186,203,1,'订单处理中',0,1422946323),(187,204,1,'订单处理中',0,1422946383),(188,203,1,'订单开始配送',0,1422947510),(189,203,1,'已收货',0,1422947570),(190,204,1,'订单开始配送',0,1422947570),(191,203,1,'订单已完成',0,1422947631),(192,204,1,'已收货',0,1422947631),(193,204,1,'订单已完成',0,1422947691),(194,205,1,'订单已经确认',0,1423385535),(195,205,1,'自动分配门店:南庄店,电话：0757-31018',0,1423385535),(196,205,1,'订单处理中',0,1423385574),(197,205,1,'订单开始配送',0,1423386000),(198,206,1,'订单已经确认',0,1423386444),(199,206,1,'自动分配门店:南庄店,电话：0757-31018',0,1423386445),(200,207,1,'订单已经确认',0,1423386609),(201,207,1,'自动分配门店:南庄店,电话：0757-31018',0,1423386610),(202,208,1,'订单已经确认',0,1423386770),(203,208,1,'自动分配门店:南庄店,电话：0757-31018',0,1423386776),(204,209,1,'订单已经确认',0,1423386826),(205,209,1,'自动分配门店:南庄店,电话：0757-31018',0,1423386826),(206,205,1,'已收货',0,1423445687),(207,206,1,'订单处理中',0,1423445687),(208,207,1,'订单处理中',0,1423445687),(209,208,1,'订单处理中',0,1423445687),(210,209,1,'订单处理中',0,1423445687),(211,205,1,'订单已完成',0,1423445747),(212,206,1,'订单开始配送',0,1423445747),(213,207,1,'订单开始配送',0,1423445747),(214,208,1,'订单开始配送',0,1423445747),(215,209,1,'订单开始配送',0,1423445747),(216,206,1,'已收货',0,1423445776),(217,207,1,'已收货',0,1423445776),(218,208,1,'已收货',0,1423445776),(219,209,1,'已收货',0,1423445776),(220,206,1,'订单已完成',0,1423445836),(221,207,1,'订单已完成',0,1423445836),(222,208,1,'订单已完成',0,1423445836),(223,209,1,'订单已完成',0,1423445837),(224,210,1,'订单已经确认',0,1423446375),(225,210,1,'自动分配门店:南庄店,电话：0757-31018',0,1423446375),(226,210,1,'订单处理中',0,1423446795),(227,210,1,'订单开始配送',0,1423447995),(228,210,1,'已收货',0,1423464193),(229,210,1,'订单已完成',0,1423534209),(230,211,1,'订单已取消,原因：超时未付款，系统取消',1,1423704616),(231,212,1,'订单已取消,原因：超时未付款，系统取消',1,1423704616),(232,213,1,'订单已取消,原因：超时未付款，系统取消',1,1423704616),(233,214,1,'订单已取消,原因：超时未付款，系统取消',1,1423704616),(234,216,1,'订单已经确认',0,1423706735),(235,216,1,'自动分配门店:南庄店,电话：0757-31018',0,1423706735),(236,216,1,'订单处理中',0,1423707095),(237,216,1,'订单开始配送',0,1423708355),(238,216,1,'已收货',0,1423713204),(239,216,1,'订单已完成',0,1423713206),(240,215,1,'订单已经确认',0,1426937013),(241,215,1,'订单已锁定智能分配门店失败！原因：未覆盖的配送区域',1,1426937014),(242,217,1,'订单已经确认',0,1426937014),(243,217,1,'订单已锁定智能分配门店失败！原因：未覆盖的配送区域',1,1426937014),(244,218,1,'订单已经确认',0,1429970167),(245,218,1,'订单已锁定智能分配门店失败！原因：未覆盖的配送区域',1,1429970168),(246,219,1,'订单已经确认',0,1430112243),(247,219,1,'订单已锁定智能分配门店失败！原因：未覆盖的配送区域',1,1430112244),(248,220,1,'订单已经确认',0,1430115411),(249,220,1,'订单已锁定智能分配门店失败！原因：未覆盖的配送区域',1,1430115411),(250,221,1,'订单已经确认',0,1430534441),(251,221,1,'订单已锁定智能分配门店失败！原因：未覆盖的配送区域',1,1430534441),(252,222,1,'订单已经确认',0,1430535879),(253,222,1,'订单已锁定智能分配门店失败！原因：未覆盖的配送区域',1,1430535880),(254,223,1,'订单已经确认',0,1430708217),(255,223,1,'订单已锁定智能分配门店失败！原因：未覆盖的配送区域',1,1430708218),(256,224,1,'订单已经确认',0,1430731256),(257,224,1,'订单已锁定智能分配门店失败！原因：未覆盖的配送区域',1,1430731256),(258,225,1,'订单已取消,原因：超时未付款，系统取消',1,1431016735),(259,226,1,'订单已取消,原因：超时未付款，系统取消',1,1431016735),(260,227,1,'订单已取消,原因：超时未付款，系统取消',1,1431016735),(261,228,1,'订单已经确认',0,1431098880),(262,228,1,'订单已锁定智能分配门店失败！原因：未覆盖的配送区域',1,1431098880),(263,229,1,'订单已经确认',0,1431099060),(264,229,1,'订单已锁定智能分配门店失败！原因：未覆盖的配送区域',1,1431099060),(265,230,1,'订单已经确认',0,1431314955),(266,230,1,'订单已锁定智能分配门店失败！原因：未覆盖的配送区域',1,1431314956),(267,231,1,'订单已经确认',0,1431314956),(268,231,1,'订单已锁定智能分配门店失败！原因：未覆盖的配送区域',1,1431314956),(269,232,1,'订单已经确认',0,1431444597),(270,232,1,'订单已锁定智能分配门店失败！原因：未覆盖的配送区域',1,1431444599),(271,233,1,'订单已经确认',0,1431445171),(272,233,1,'订单处理中',0,1431445567),(273,233,1,'订单开始配送',0,1431446762),(274,233,1,'已收货',0,1431478353),(275,234,1,'订单已经确认',0,1431478713),(276,234,1,'订单已锁定智能分配门店失败！原因：未覆盖的配送区域',1,1431478713),(277,235,1,'订单已经确认',0,1431478893),(278,235,1,'订单已锁定智能分配门店失败！原因：未覆盖的配送区域',1,1431478893),(279,233,1,'订单已完成',0,1431484474),(280,236,1,'订单已经确认',0,1431661451),(281,236,1,'订单已锁定智能分配门店失败！原因：未覆盖的配送区域',1,1431661454),(282,237,1,'订单已经确认',0,1431848506),(283,237,1,'订单已锁定智能分配门店失败！原因：未覆盖的配送区域',1,1431848506),(284,238,1,'订单已经确认',0,1431856802),(285,238,1,'订单已锁定智能分配门店失败！原因：未覆盖的配送区域',1,1431856802),(286,239,1,'订单已经确认',0,1431915737),(287,239,1,'订单已锁定智能分配门店失败！原因：未覆盖的配送区域',1,1431915758);
/*!40000 ALTER TABLE `pt_order_log` ENABLE KEYS */;
UNLOCK TABLES;

--
-- Table structure for table `pt_page`
--

DROP TABLE IF EXISTS `pt_page`;
/*!40101 SET @saved_cs_client     = @@character_set_client */;
/*!40101 SET character_set_client = utf8 */;
CREATE TABLE `pt_page` (
  `id` int(11) NOT NULL AUTO_INCREMENT,
  `partner_id` varchar(45) DEFAULT NULL,
  `type` varchar(10) DEFAULT NULL,
  `content` varchar(5000) DEFAULT NULL,
  `update_time` int(11) DEFAULT NULL,
  PRIMARY KEY (`id`)
) ENGINE=InnoDB AUTO_INCREMENT=2 DEFAULT CHARSET=utf8 COMMENT='合作商页面';
/*!40101 SET character_set_client = @saved_cs_client */;

--
-- Dumping data for table `pt_page`
--

LOCK TABLES `pt_page` WRITE;
/*!40000 ALTER TABLE `pt_page` DISABLE KEYS */;
INSERT INTO `pt_page` VALUES (1,'101','notice','',2013);
/*!40000 ALTER TABLE `pt_page` ENABLE KEYS */;
UNLOCK TABLES;

--
-- Table structure for table `pt_partner`
--

DROP TABLE IF EXISTS `pt_partner`;
/*!40101 SET @saved_cs_client     = @@character_set_client */;
/*!40101 SET character_set_client = utf8 */;
CREATE TABLE `pt_partner` (
  `id` int(11) NOT NULL AUTO_INCREMENT,
  `usr` varchar(20) DEFAULT NULL,
  `pwd` varchar(32) DEFAULT NULL,
  `name` varchar(20) DEFAULT NULL,
  `logo` varchar(50) DEFAULT NULL,
  `tel` varchar(50) DEFAULT NULL,
  `phone` varchar(50) DEFAULT NULL,
  `address` varchar(50) DEFAULT NULL,
  `join_time` int(11) DEFAULT NULL,
  `expires_time` int(11) DEFAULT NULL,
  `update_time` int(11) DEFAULT NULL,
  `login_time` int(11) DEFAULT NULL,
  `last_login_time` int(11) DEFAULT NULL COMMENT '标志',
  PRIMARY KEY (`id`)
) ENGINE=MyISAM AUTO_INCREMENT=106 DEFAULT CHARSET=utf8;
/*!40101 SET character_set_client = @saved_cs_client */;

--
-- Dumping data for table `pt_partner`
--

LOCK TABLES `pt_partner` WRITE;
/*!40000 ALTER TABLE `pt_partner` DISABLE KEYS */;
INSERT INTO `pt_partner` VALUES (101,'go2o','5f618b90a86a41d7faf4dfd46c3f07d0','美味汇',NULL,'0757-82255311','18616999822','佛山市禅城区亲仁路白燕街9号201',1421890499,1466666666,1421890499,1421890499,1421890499),(104,'zs','95d73c1c5a056499a8e3ebc5d148a8ad','朝首','master/item_pic/20150513221019.png','0757-22332233','18512345678','佛山市南海区海八路20号',1431526823,1747146023,1431526823,0,0),(105,'wzo2o','89a3b5c0336e0f6f66a7658f90500c53','万州O2O','master/item_pic/20150513221025.png','0592-2231232','18850001234','重庆市江北区小桥路123号',1431527146,1747146346,1431527146,0,0);
/*!40000 ALTER TABLE `pt_partner` ENABLE KEYS */;
UNLOCK TABLES;

--
-- Table structure for table `pt_positions`
--

DROP TABLE IF EXISTS `pt_positions`;
/*!40101 SET @saved_cs_client     = @@character_set_client */;
/*!40101 SET character_set_client = utf8 */;
CREATE TABLE `pt_positions` (
  `id` int(11) NOT NULL AUTO_INCREMENT,
  `psid` int(11) DEFAULT NULL COMMENT '分店ID',
  `name` varchar(45) DEFAULT NULL,
  `address` varchar(100) DEFAULT NULL,
  PRIMARY KEY (`id`)
) ENGINE=MyISAM AUTO_INCREMENT=5 DEFAULT CHARSET=utf8;
/*!40101 SET character_set_client = @saved_cs_client */;

--
-- Dumping data for table `pt_positions`
--

LOCK TABLES `pt_positions` WRITE;
/*!40000 ALTER TABLE `pt_positions` DISABLE KEYS */;
INSERT INTO `pt_positions` VALUES (3,101,'电器大厦','禅城区汾江中路20号'),(4,101,'东建世纪广场','禅城区季华三路');
/*!40000 ALTER TABLE `pt_positions` ENABLE KEYS */;
UNLOCK TABLES;

--
-- Table structure for table `pt_saleconf`
--

DROP TABLE IF EXISTS `pt_saleconf`;
/*!40101 SET @saved_cs_client     = @@character_set_client */;
/*!40101 SET character_set_client = utf8 */;
CREATE TABLE `pt_saleconf` (
  `partner_id` int(11) NOT NULL,
  `cb_percent` float(4,2) DEFAULT NULL COMMENT '反现比例,0则不返现',
  `cb_tg1_percent` float(4,2) DEFAULT NULL COMMENT '一级比例',
  `cb_tg2_percent` float(4,2) DEFAULT NULL COMMENT '二级比例',
  `cb_member_percent` float(4,2) DEFAULT NULL COMMENT '会员比例',
  `ib_num` int(11) DEFAULT NULL COMMENT '每一元返多少积分',
  `ib_extra` int(11) DEFAULT NULL COMMENT '额外赠送积分',
  `auto_setup_order` tinyint(4) DEFAULT '0',
  PRIMARY KEY (`partner_id`)
) ENGINE=MyISAM DEFAULT CHARSET=utf8;
/*!40101 SET character_set_client = @saved_cs_client */;

--
-- Dumping data for table `pt_saleconf`
--

LOCK TABLES `pt_saleconf` WRITE;
/*!40000 ALTER TABLE `pt_saleconf` DISABLE KEYS */;
INSERT INTO `pt_saleconf` VALUES (101,0.10,0.10,0.20,0.80,10,0,1),(104,0.00,0.00,0.00,0.00,0,0,1),(105,0.00,0.00,0.00,0.00,0,0,1);
/*!40000 ALTER TABLE `pt_saleconf` ENABLE KEYS */;
UNLOCK TABLES;

--
-- Table structure for table `pt_shop`
--

DROP TABLE IF EXISTS `pt_shop`;
/*!40101 SET @saved_cs_client     = @@character_set_client */;
/*!40101 SET character_set_client = utf8 */;
CREATE TABLE `pt_shop` (
  `id` int(11) NOT NULL AUTO_INCREMENT,
  `partner_id` int(11) DEFAULT NULL,
  `name` varchar(50) DEFAULT NULL,
  `address` varchar(100) DEFAULT NULL,
  `phone` varchar(45) DEFAULT NULL,
  `location` varchar(50) DEFAULT NULL COMMENT '坐标',
  `deliver_radius` int(11) DEFAULT NULL COMMENT '配送范围',
  `order_index` int(11) DEFAULT '0',
  `state` int(11) DEFAULT NULL COMMENT '0:表示禁用   1:表示正常',
  `create_time` int(11) DEFAULT NULL,
  PRIMARY KEY (`id`)
) ENGINE=MyISAM AUTO_INCREMENT=12 DEFAULT CHARSET=utf8;
/*!40101 SET character_set_client = @saved_cs_client */;

--
-- Dumping data for table `pt_shop`
--

LOCK TABLES `pt_shop` WRITE;
/*!40000 ALTER TABLE `pt_shop` DISABLE KEYS */;
INSERT INTO `pt_shop` VALUES (1,101,'百花店','佛山市禅城区汾江中路20号','0757-08323123','113.116159,23.044202',5,3,1,1423712779),(7,101,'鸿运配送点','汾江中路12号a座B号铺','0757-21211122',NULL,0,1,1,2014),(10,101,'天马店','佛山禅城区天马大厦','0757-22226666','113.114432,23.049800',3,2,1,2015),(11,101,'南庄店','佛山市禅城区南庄镇吉利市场','0757-31018','113.017224,22.987949',3,5,1,1421138355);
/*!40000 ALTER TABLE `pt_shop` ENABLE KEYS */;
UNLOCK TABLES;

--
-- Table structure for table `pt_siteconf`
--

DROP TABLE IF EXISTS `pt_siteconf`;
/*!40101 SET @saved_cs_client     = @@character_set_client */;
/*!40101 SET character_set_client = utf8 */;
CREATE TABLE `pt_siteconf` (
  `partner_id` int(11) NOT NULL,
  `host` varchar(45) NOT NULL,
  `logo` varchar(100) DEFAULT NULL,
  `index_title` varchar(100) DEFAULT NULL COMMENT '首页标题',
  `sub_title` varchar(100) DEFAULT NULL COMMENT '子页面标题',
  `state` int(11) DEFAULT NULL COMMENT '状态: 0:暂停  1：正常',
  `state_html` varchar(45) DEFAULT NULL,
  PRIMARY KEY (`partner_id`)
) ENGINE=InnoDB DEFAULT CHARSET=utf8 COMMENT='合作商域名绑定';
/*!40101 SET character_set_client = @saved_cs_client */;

--
-- Dumping data for table `pt_siteconf`
--

LOCK TABLES `pt_siteconf` WRITE;
/*!40000 ALTER TABLE `pt_siteconf` DISABLE KEYS */;
INSERT INTO `pt_siteconf` VALUES (101,'','101/item_pic/20150211130151.gif','味道美 & 美味到_网上订餐系统',NULL,1,'技术故障，正在抢修'),(104,'','master/item_pic/20150513221019.png','线上商店-朝首','线上商店-朝首',1,NULL),(105,'','master/item_pic/20150513221025.png','线上商店-万州O2O','线上商店-万州O2O',1,NULL);
/*!40000 ALTER TABLE `pt_siteconf` ENABLE KEYS */;
UNLOCK TABLES;

--
-- Table structure for table `sale_cart`
--

DROP TABLE IF EXISTS `sale_cart`;
/*!40101 SET @saved_cs_client     = @@character_set_client */;
/*!40101 SET character_set_client = utf8 */;
CREATE TABLE `sale_cart` (
  `id` int(11) NOT NULL AUTO_INCREMENT,
  `cart_key` varchar(32) DEFAULT NULL,
  `buyer_id` int(11) DEFAULT NULL,
  `shop_id` int(11) DEFAULT NULL,
  `deliver_id` int(11) DEFAULT NULL,
  `deliver_opt` int(11) DEFAULT NULL,
  `payment_opt` int(11) DEFAULT NULL,
  `create_time` int(11) DEFAULT NULL,
  `update_time` int(11) DEFAULT NULL,
  PRIMARY KEY (`id`)
) ENGINE=InnoDB DEFAULT CHARSET=utf8;
/*!40101 SET character_set_client = @saved_cs_client */;

--
-- Dumping data for table `sale_cart`
--

LOCK TABLES `sale_cart` WRITE;
/*!40000 ALTER TABLE `sale_cart` DISABLE KEYS */;
/*!40000 ALTER TABLE `sale_cart` ENABLE KEYS */;
UNLOCK TABLES;

--
-- Table structure for table `sale_cart_item`
--

DROP TABLE IF EXISTS `sale_cart_item`;
/*!40101 SET @saved_cs_client     = @@character_set_client */;
/*!40101 SET character_set_client = utf8 */;
CREATE TABLE `sale_cart_item` (
  `id` int(11) NOT NULL AUTO_INCREMENT,
  `cart_id` int(11) DEFAULT NULL,
  `goods_id` int(11) DEFAULT NULL COMMENT '商品快照编号',
  `num` int(11) DEFAULT NULL,
  PRIMARY KEY (`id`)
) ENGINE=InnoDB DEFAULT CHARSET=utf8;
/*!40101 SET character_set_client = @saved_cs_client */;

--
-- Dumping data for table `sale_cart_item`
--

LOCK TABLES `sale_cart_item` WRITE;
/*!40000 ALTER TABLE `sale_cart_item` DISABLE KEYS */;
/*!40000 ALTER TABLE `sale_cart_item` ENABLE KEYS */;
UNLOCK TABLES;

--
-- Table structure for table `t_ips`
--

DROP TABLE IF EXISTS `t_ips`;
/*!40101 SET @saved_cs_client     = @@character_set_client */;
/*!40101 SET character_set_client = utf8 */;
CREATE TABLE `t_ips` (
  `ip` varchar(45) DEFAULT NULL
) ENGINE=InnoDB DEFAULT CHARSET=utf8;
/*!40101 SET character_set_client = @saved_cs_client */;

--
-- Dumping data for table `t_ips`
--

LOCK TABLES `t_ips` WRITE;
/*!40000 ALTER TABLE `t_ips` DISABLE KEYS */;
INSERT INTO `t_ips` VALUES ('124.115.0.28'),('220.181.125.107'),('124.115.0.107'),('220.181.108.166'),('211.97.128.142');
/*!40000 ALTER TABLE `t_ips` ENABLE KEYS */;
UNLOCK TABLES;

--
-- Table structure for table `t_members`
--

DROP TABLE IF EXISTS `t_members`;
/*!40101 SET @saved_cs_client     = @@character_set_client */;
/*!40101 SET character_set_client = utf8 */;
CREATE TABLE `t_members` (
  `member` varchar(45) DEFAULT NULL
) ENGINE=InnoDB DEFAULT CHARSET=utf8;
/*!40101 SET character_set_client = @saved_cs_client */;

--
-- Dumping data for table `t_members`
--

LOCK TABLES `t_members` WRITE;
/*!40000 ALTER TABLE `t_members` DISABLE KEYS */;
/*!40000 ALTER TABLE `t_members` ENABLE KEYS */;
UNLOCK TABLES;

--
-- Table structure for table `t_usrcount`
--

DROP TABLE IF EXISTS `t_usrcount`;
/*!40101 SET @saved_cs_client     = @@character_set_client */;
/*!40101 SET character_set_client = utf8 */;
CREATE TABLE `t_usrcount` (
  `id` int(11) NOT NULL,
  `viewcount` varchar(45) DEFAULT NULL,
  `member` varchar(45) DEFAULT NULL,
  `guest` varchar(45) DEFAULT NULL,
  `updatetime` varchar(45) DEFAULT NULL,
  PRIMARY KEY (`id`)
) ENGINE=InnoDB DEFAULT CHARSET=utf8;
/*!40101 SET character_set_client = @saved_cs_client */;

--
-- Dumping data for table `t_usrcount`
--

LOCK TABLES `t_usrcount` WRITE;
/*!40000 ALTER TABLE `t_usrcount` DISABLE KEYS */;
INSERT INTO `t_usrcount` VALUES (1,'5','0','5','2012-10-27');
/*!40000 ALTER TABLE `t_usrcount` ENABLE KEYS */;
UNLOCK TABLES;

--
-- Table structure for table `usr_credential`
--

DROP TABLE IF EXISTS `usr_credential`;
/*!40101 SET @saved_cs_client     = @@character_set_client */;
/*!40101 SET character_set_client = utf8 */;
CREATE TABLE `usr_credential` (
  `id` int(11) NOT NULL AUTO_INCREMENT,
  `person_id` int(11) DEFAULT NULL,
  `usr` varchar(32) DEFAULT NULL,
  `pwd` varchar(32) DEFAULT NULL,
  `sign` varchar(45) DEFAULT NULL COMMENT '标记凭据类型',
  `enabled` tinyint(4) DEFAULT NULL,
  PRIMARY KEY (`id`)
) ENGINE=InnoDB DEFAULT CHARSET=latin1;
/*!40101 SET character_set_client = @saved_cs_client */;

--
-- Dumping data for table `usr_credential`
--

LOCK TABLES `usr_credential` WRITE;
/*!40000 ALTER TABLE `usr_credential` DISABLE KEYS */;
/*!40000 ALTER TABLE `usr_credential` ENABLE KEYS */;
UNLOCK TABLES;

--
-- Table structure for table `usr_person`
--

DROP TABLE IF EXISTS `usr_person`;
/*!40101 SET @saved_cs_client     = @@character_set_client */;
/*!40101 SET character_set_client = utf8 */;
CREATE TABLE `usr_person` (
  `id` int(11) NOT NULL AUTO_INCREMENT,
  `name` varchar(45) DEFAULT NULL,
  `real_name` varchar(45) DEFAULT NULL,
  `phone` varchar(45) DEFAULT NULL,
  `sex` tinyint(4) DEFAULT NULL,
  `birth_day` int(11) DEFAULT NULL,
  `enabled` tinyint(4) DEFAULT NULL,
  PRIMARY KEY (`id`)
) ENGINE=InnoDB DEFAULT CHARSET=utf8;
/*!40101 SET character_set_client = @saved_cs_client */;

--
-- Dumping data for table `usr_person`
--

LOCK TABLES `usr_person` WRITE;
/*!40000 ALTER TABLE `usr_person` DISABLE KEYS */;
/*!40000 ALTER TABLE `usr_person` ENABLE KEYS */;
UNLOCK TABLES;

--
-- Table structure for table `usr_role`
--

DROP TABLE IF EXISTS `usr_role`;
/*!40101 SET @saved_cs_client     = @@character_set_client */;
/*!40101 SET character_set_client = utf8 */;
CREATE TABLE `usr_role` (
  `id` int(11) NOT NULL AUTO_INCREMENT,
  `name` varchar(45) CHARACTER SET latin1 DEFAULT NULL,
  `flag` int(11) DEFAULT NULL,
  `enabled` int(11) DEFAULT NULL,
  PRIMARY KEY (`id`)
) ENGINE=InnoDB AUTO_INCREMENT=2 DEFAULT CHARSET=utf8;
/*!40101 SET character_set_client = @saved_cs_client */;

--
-- Dumping data for table `usr_role`
--

LOCK TABLES `usr_role` WRITE;
/*!40000 ALTER TABLE `usr_role` DISABLE KEYS */;
INSERT INTO `usr_role` VALUES (1,'???',2,1);
/*!40000 ALTER TABLE `usr_role` ENABLE KEYS */;
UNLOCK TABLES;
/*!40103 SET TIME_ZONE=@OLD_TIME_ZONE */;

/*!40101 SET SQL_MODE=@OLD_SQL_MODE */;
/*!40014 SET FOREIGN_KEY_CHECKS=@OLD_FOREIGN_KEY_CHECKS */;
/*!40014 SET UNIQUE_CHECKS=@OLD_UNIQUE_CHECKS */;
/*!40101 SET CHARACTER_SET_CLIENT=@OLD_CHARACTER_SET_CLIENT */;
/*!40101 SET CHARACTER_SET_RESULTS=@OLD_CHARACTER_SET_RESULTS */;
/*!40101 SET COLLATION_CONNECTION=@OLD_COLLATION_CONNECTION */;
/*!40111 SET SQL_NOTES=@OLD_SQL_NOTES */;

-- Dump completed on 2015-06-25 20:21:17
